https://s3.amazonaws.com/toolkit.afscme.org/dev/2_gutowski_timothy/documents/original/3.pdf,https://s3.amazonaws.com/toolkit.afscme.org/dev/2_gutowski_timothy/documents/original/3.png,/share_graphics/original/missing.png
https://s3.amazonaws.com/toolkit.afscme.org/dev/1_trost_jarred/documents/original/8.pdf,https://s3.amazonaws.com/toolkit.afscme.org/dev/1_trost_jarred/documents/original/8.png,/share_graphics/original/missing.png
https://s3.amazonaws.com/toolkit.afscme.org/dev/1_trost_jarred/documents/original/9.pdf,https://s3.amazonaws.com/toolkit.afscme.org/dev/1_trost_jarred/documents/original/9.png,/share_graphics/original/missing.png
https://s3.amazonaws.com/toolkit.afscme.org/dev/1_trost_jarred/documents/original/10.pdf,https://s3.amazonaws.com/toolkit.afscme.org/dev/1_trost_jarred/documents/original/10.png,/share_graphics/original/missing.png
https://s3.amazonaws.com/toolkit.afscme.org/dev/8_trost_jarred/documents/original/15.pdf,https://s3.amazonaws.com/toolkit.afscme.org/dev/8_trost_jarred/documents/original/15.png,/share_graphics/original/missing.png
https://s3.amazonaws.com/toolkit.afscme.org/dev/8_trost_jarred/documents/original/17.pdf,https://s3.amazonaws.com/toolkit.afscme.org/dev/8_trost_jarred/documents/original/17.png,/share_graphics/original/missing.png
https://s3.amazonaws.com/toolkit.afscme.org/dev/1_trost_jarred/documents/original/22.pdf,https://s3.amazonaws.com/toolkit.afscme.org/dev/1_trost_jarred/documents/original/22_thumb.png,/share_graphics/original/missing.png
/pdfs/original/missing.png,/thumbnails/original/missing.png,/share_graphics/original/missing.png
/pdfs/original/missing.png,/thumbnails/original/missing.png,/share_graphics/original/missing.png
/pdfs/original/missing.png,/thumbnails/original/missing.png,/share_graphics/original/missing.png
https://s3.amazonaws.com/toolkit.afscme.org/dev/6_carvalho_mike/documents/original/35.pdf,https://s3.amazonaws.com/toolkit.afscme.org/dev/6_carvalho_mike/documents/original/35.png,/share_graphics/original/missing.png
https://s3.amazonaws.com/toolkit.afscme.org/dev/4_hendrick_amy/documents/original/37.pdf,https://s3.amazonaws.com/toolkit.afscme.org/dev/4_hendrick_amy/documents/original/37.png,/share_graphics/original/missing.png
https://s3.amazonaws.com/toolkit.afscme.org/dev/11_delucio_rick/documents/original/38.pdf,https://s3.amazonaws.com/toolkit.afscme.org/dev/11_delucio_rick/documents/original/38.png,/share_graphics/original/missing.png
https://s3.amazonaws.com/toolkit.afscme.org/dev/1_trost_jarred/documents/original/39.pdf,https://s3.amazonaws.com/toolkit.afscme.org/dev/1_trost_jarred/documents/original/39.png,/share_graphics/original/missing.png
/pdfs/original/missing.png,/thumbnails/original/missing.png,/share_graphics/original/missing.png
/pdfs/original/missing.png,/thumbnails/original/missing.png,/share_graphics/original/missing.png
https://s3.amazonaws.com/toolkit.afscme.org/dev/4_hendrick_amy/documents/original/56.pdf,https://s3.amazonaws.com/toolkit.afscme.org/dev/4_hendrick_amy/documents/original/56.png,/share_graphics/original/missing.png
https://s3.amazonaws.com/toolkit.afscme.org/dev/4_hendrick_amy/documents/original/57.pdf,https://s3.amazonaws.com/toolkit.afscme.org/dev/4_hendrick_amy/documents/original/57.png,/share_graphics/original/missing.png
https://s3.amazonaws.com/toolkit.afscme.org/dev/7_brown_kevin/documents/original/64.pdf,https://s3.amazonaws.com/toolkit.afscme.org/dev/7_brown_kevin/documents/original/64.png,/share_graphics/original/missing.png
/pdfs/original/missing.png,/thumbnails/original/missing.png,/share_graphics/original/missing.png
/pdfs/original/missing.png,/thumbnails/original/missing.png,/share_graphics/original/missing.png
https://s3.amazonaws.com/toolkit.afscme.org/dev/3_stearns_randy/documents/original/78.pdf,https://s3.amazonaws.com/toolkit.afscme.org/dev/3_stearns_randy/documents/original/78.png,/share_graphics/original/missing.png
https://s3.amazonaws.com/toolkit.afscme.org/dev/3_stearns_randy/documents/original/79.pdf,https://s3.amazonaws.com/toolkit.afscme.org/dev/3_stearns_randy/documents/original/79.png,/share_graphics/original/missing.png
https://s3.amazonaws.com/toolkit.afscme.org/dev/3_stearns_randy/documents/original/81.pdf,https://s3.amazonaws.com/toolkit.afscme.org/dev/3_stearns_randy/documents/original/81.png,/share_graphics/original/missing.png
https://s3.amazonaws.com/toolkit.afscme.org/dev/3_stearns_randy/documents/original/82.pdf,https://s3.amazonaws.com/toolkit.afscme.org/dev/3_stearns_randy/documents/original/82.png,/share_graphics/original/missing.png
https://s3.amazonaws.com/toolkit.afscme.org/dev/3_stearns_randy/documents/original/83.pdf,https://s3.amazonaws.com/toolkit.afscme.org/dev/3_stearns_randy/documents/original/83.png,/share_graphics/original/missing.png
https://s3.amazonaws.com/toolkit.afscme.org/dev/4_hendrick_amy/documents/original/85.pdf,https://s3.amazonaws.com/toolkit.afscme.org/dev/4_hendrick_amy/documents/original/85.png,/share_graphics/original/missing.png
https://s3.amazonaws.com/toolkit.afscme.org/dev/3_stearns_randy/documents/original/86.pdf,https://s3.amazonaws.com/toolkit.afscme.org/dev/3_stearns_randy/documents/original/86.png,/share_graphics/original/missing.png
https://s3.amazonaws.com/toolkit.afscme.org/dev/4_hendrick_amy/documents/original/87.pdf,https://s3.amazonaws.com/toolkit.afscme.org/dev/4_hendrick_amy/documents/original/87.png,/share_graphics/original/missing.png
https://s3.amazonaws.com/toolkit.afscme.org/dev/3_stearns_randy/documents/original/101.pdf,https://s3.amazonaws.com/toolkit.afscme.org/dev/3_stearns_randy/documents/original/101.png,/share_graphics/original/missing.png
https://s3.amazonaws.com/toolkit.afscme.org/dev/6_carvalho_mike/documents/original/107.pdf,https://s3.amazonaws.com/toolkit.afscme.org/dev/6_carvalho_mike/documents/original/107.png,/share_graphics/original/missing.png
https://s3.amazonaws.com/toolkit.afscme.org/dev/6_carvalho_mike/documents/original/108.pdf,https://s3.amazonaws.com/toolkit.afscme.org/dev/6_carvalho_mike/documents/original/108.png,/share_graphics/original/missing.png
/pdfs/original/missing.png,/thumbnails/original/missing.png,/share_graphics/original/missing.png
https://s3.amazonaws.com/toolkit.afscme.org/dev/3_stearns_randy/documents/original/116.pdf,https://s3.amazonaws.com/toolkit.afscme.org/dev/3_stearns_randy/documents/original/116.png,/share_graphics/original/missing.png
https://s3.amazonaws.com/toolkit.afscme.org/dev/3_stearns_randy/documents/original/119.pdf,https://s3.amazonaws.com/toolkit.afscme.org/dev/3_stearns_randy/documents/original/119.png,/share_graphics/original/missing.png
https://s3.amazonaws.com/toolkit.afscme.org/dev/9_house_brandon/documents/original/122.pdf,https://s3.amazonaws.com/toolkit.afscme.org/dev/9_house_brandon/documents/original/122.png,/share_graphics/original/missing.png
/pdfs/original/missing.png,/thumbnails/original/missing.png,/share_graphics/original/missing.png
/pdfs/original/missing.png,/thumbnails/original/missing.png,/share_graphics/original/missing.png
https://s3.amazonaws.com/toolkit.afscme.org/dev/18_user_test/documents/original/127.pdf,https://s3.amazonaws.com/toolkit.afscme.org/dev/18_user_test/documents/original/127.png,/share_graphics/original/missing.png
https://s3.amazonaws.com/toolkit.afscme.org/dev/18_user_test/documents/original/128.pdf,https://s3.amazonaws.com/toolkit.afscme.org/dev/18_user_test/documents/original/128.png,/share_graphics/original/missing.png
https://s3.amazonaws.com/toolkit.afscme.org/dev/19_vetter_test/documents/original/129.pdf,https://s3.amazonaws.com/toolkit.afscme.org/dev/19_vetter_test/documents/original/129.png,/share_graphics/original/missing.png
https://s3.amazonaws.com/toolkit.afscme.org/dev/20_admin_test/documents/original/130.pdf,https://s3.amazonaws.com/toolkit.afscme.org/dev/20_admin_test/documents/original/130.png,/share_graphics/original/missing.png
https://s3.amazonaws.com/toolkit.afscme.org/dev/20_admin_test/documents/original/131.pdf,https://s3.amazonaws.com/toolkit.afscme.org/dev/20_admin_test/documents/original/131.png,/share_graphics/original/missing.png
https://s3.amazonaws.com/toolkit.afscme.org/dev/20_admin_test/documents/original/132.pdf,https://s3.amazonaws.com/toolkit.afscme.org/dev/20_admin_test/documents/original/132.png,/share_graphics/original/missing.png
https://s3.amazonaws.com/toolkit.afscme.org/dev/9_house_brandon/documents/original/140.pdf,https://s3.amazonaws.com/toolkit.afscme.org/dev/9_house_brandon/documents/original/140.png,/share_graphics/original/missing.png
https://s3.amazonaws.com/toolkit.afscme.org/dev/9_house_brandon/documents/original/141.pdf,https://s3.amazonaws.com/toolkit.afscme.org/dev/9_house_brandon/documents/original/141.png,/share_graphics/original/missing.png
https://s3.amazonaws.com/toolkit.afscme.org/dev/2_gutowski_timothy/documents/original/142.pdf,https://s3.amazonaws.com/toolkit.afscme.org/dev/2_gutowski_timothy/documents/original/142.png,/share_graphics/original/missing.png
/pdfs/original/missing.png,https://s3.amazonaws.com/toolkit.afscme.org/dev/9_house_brandon/documents/original/145.png,/share_graphics/original/missing.png
/pdfs/original/missing.png,/thumbnails/original/missing.png,/share_graphics/original/missing.png
/pdfs/original/missing.png,/thumbnails/original/missing.png,/share_graphics/original/missing.png
/pdfs/original/missing.png,/thumbnails/original/missing.png,/share_graphics/original/missing.png
https://s3.amazonaws.com/toolkit.afscme.org/dev/3_stearns_randy/documents/original/149.pdf,https://s3.amazonaws.com/toolkit.afscme.org/dev/3_stearns_randy/documents/original/149.png,/share_graphics/original/missing.png
/pdfs/original/missing.png,/thumbnails/original/missing.png,/share_graphics/original/missing.png
https://s3.amazonaws.com/toolkit.afscme.org/dev/1_trost_jarred/documents/original/151.pdf,https://s3.amazonaws.com/toolkit.afscme.org/dev/1_trost_jarred/documents/original/151.png,/share_graphics/original/missing.png
https://s3.amazonaws.com/toolkit.afscme.org/dev/3_stearns_randy/documents/original/152.pdf,https://s3.amazonaws.com/toolkit.afscme.org/dev/3_stearns_randy/documents/original/152.png,/share_graphics/original/missing.png
https://s3.amazonaws.com/toolkit.afscme.org/dev/3_stearns_randy/documents/original/153.pdf,https://s3.amazonaws.com/toolkit.afscme.org/dev/3_stearns_randy/documents/original/153.png,/share_graphics/original/missing.png
https://s3.amazonaws.com/toolkit.afscme.org/dev/3_stearns_randy/documents/original/154.pdf,https://s3.amazonaws.com/toolkit.afscme.org/dev/3_stearns_randy/documents/original/154.png,/share_graphics/original/missing.png
https://s3.amazonaws.com/toolkit.afscme.org/dev/7_brown_kevin/documents/original/155.pdf,https://s3.amazonaws.com/toolkit.afscme.org/dev/7_brown_kevin/documents/original/155.png,/share_graphics/original/missing.png
/pdfs/original/missing.png,/thumbnails/original/missing.png,/share_graphics/original/missing.png
https://s3.amazonaws.com/toolkit.afscme.org/dev/9_house_brandon/documents/original/157.pdf,https://s3.amazonaws.com/toolkit.afscme.org/dev/9_house_brandon/documents/original/157.png,/share_graphics/original/missing.png
/pdfs/original/missing.png,https://s3.amazonaws.com/toolkit.afscme.org/dev/9_house_brandon/documents/original/158.png,/share_graphics/original/missing.png
/pdfs/original/missing.png,/thumbnails/original/missing.png,/share_graphics/original/missing.png
/pdfs/original/missing.png,/thumbnails/original/missing.png,/share_graphics/original/missing.png
/pdfs/original/missing.png,https://s3.amazonaws.com/toolkit.afscme.org/dev/3_stearns_randy/documents/original/161.png,/share_graphics/original/missing.png
/pdfs/original/missing.png,/thumbnails/original/missing.png,/share_graphics/original/missing.png
https://s3.amazonaws.com/toolkit.afscme.org/dev/9_house_brandon/documents/original/163.pdf,https://s3.amazonaws.com/toolkit.afscme.org/dev/9_house_brandon/documents/original/163.png,/share_graphics/original/missing.png
https://s3.amazonaws.com/toolkit.afscme.org/dev/4_hendrick_amy/documents/original/164.pdf,https://s3.amazonaws.com/toolkit.afscme.org/dev/4_hendrick_amy/documents/original/164.png,/share_graphics/original/missing.png
https://s3.amazonaws.com/toolkit.afscme.org/dev/4_hendrick_amy/documents/original/165.pdf,https://s3.amazonaws.com/toolkit.afscme.org/dev/4_hendrick_amy/documents/original/165.png,/share_graphics/original/missing.png
https://s3.amazonaws.com/toolkit.afscme.org/dev/4_hendrick_amy/documents/original/166.pdf,https://s3.amazonaws.com/toolkit.afscme.org/dev/4_hendrick_amy/documents/original/166.png,/share_graphics/original/missing.png
https://s3.amazonaws.com/toolkit.afscme.org/dev/4_hendrick_amy/documents/original/167.pdf,https://s3.amazonaws.com/toolkit.afscme.org/dev/4_hendrick_amy/documents/original/167.png,/share_graphics/original/missing.png
/pdfs/original/missing.png,/thumbnails/original/missing.png,/share_graphics/original/missing.png
/pdfs/original/missing.png,/thumbnails/original/missing.png,/share_graphics/original/missing.png
/pdfs/original/missing.png,https://s3.amazonaws.com/toolkit.afscme.org/dev/9_house_brandon/documents/original/170.png,/share_graphics/original/missing.png
/pdfs/original/missing.png,/thumbnails/original/missing.png,/share_graphics/original/missing.png
https://s3.amazonaws.com/toolkit.afscme.org/dev/9_house_brandon/documents/original/172.pdf,https://s3.amazonaws.com/toolkit.afscme.org/dev/9_house_brandon/documents/original/172.png,/share_graphics/original/missing.png
https://s3.amazonaws.com/toolkit.afscme.org/dev/9_house_brandon/documents/original/173.pdf,https://s3.amazonaws.com/toolkit.afscme.org/dev/9_house_brandon/documents/original/173.png,/share_graphics/original/missing.png
/pdfs/original/missing.png,/thumbnails/original/missing.png,/share_graphics/original/missing.png
https://s3.amazonaws.com/toolkit.afscme.org/dev/29_stremsterfer_jonathan/documents/original/175.pdf,https://s3.amazonaws.com/toolkit.afscme.org/dev/29_stremsterfer_jonathan/documents/original/175.png,/share_graphics/original/missing.png
https://s3.amazonaws.com/toolkit.afscme.org/dev/29_stremsterfer_jonathan/documents/original/176.pdf,https://s3.amazonaws.com/toolkit.afscme.org/dev/29_stremsterfer_jonathan/documents/original/176.png,/share_graphics/original/missing.png
https://s3.amazonaws.com/toolkit.afscme.org/dev/29_stremsterfer_jonathan/documents/original/177.pdf,https://s3.amazonaws.com/toolkit.afscme.org/dev/29_stremsterfer_jonathan/documents/original/177.png,/share_graphics/original/missing.png
https://s3.amazonaws.com/toolkit.afscme.org/dev/29_stremsterfer_jonathan/documents/original/178.pdf,https://s3.amazonaws.com/toolkit.afscme.org/dev/29_stremsterfer_jonathan/documents/original/178.png,/share_graphics/original/missing.png
https://s3.amazonaws.com/toolkit.afscme.org/dev/9_house_brandon/documents/original/179.pdf,https://s3.amazonaws.com/toolkit.afscme.org/dev/9_house_brandon/documents/original/179.png,/share_graphics/original/missing.png
https://s3.amazonaws.com/toolkit.afscme.org/dev/9_house_brandon/documents/original/180.pdf,https://s3.amazonaws.com/toolkit.afscme.org/dev/9_house_brandon/documents/original/180.png,/share_graphics/original/missing.png
https://s3.amazonaws.com/toolkit.afscme.org/dev/9_house_brandon/documents/original/181.pdf,https://s3.amazonaws.com/toolkit.afscme.org/dev/9_house_brandon/documents/original/181.png,/share_graphics/original/missing.png
https://s3.amazonaws.com/toolkit.afscme.org/dev/9_house_brandon/documents/original/182.pdf,https://s3.amazonaws.com/toolkit.afscme.org/dev/9_house_brandon/documents/original/182.png,/share_graphics/original/missing.png
/pdfs/original/missing.png,/thumbnails/original/missing.png,/share_graphics/original/missing.png
/pdfs/original/missing.png,/thumbnails/original/missing.png,/share_graphics/original/missing.png
https://s3.amazonaws.com/toolkit.afscme.org/dev/9_house_brandon/documents/original/185.pdf,https://s3.amazonaws.com/toolkit.afscme.org/dev/9_house_brandon/documents/original/185.png,/share_graphics/original/missing.png
/pdfs/original/missing.png,/thumbnails/original/missing.png,/share_graphics/original/missing.png
/pdfs/original/missing.png,/thumbnails/original/missing.png,/share_graphics/original/missing.png
https://s3.amazonaws.com/toolkit.afscme.org/dev/4_hendrick_amy/documents/original/188.pdf,/thumbnails/original/missing.png,/share_graphics/original/missing.png
https://s3.amazonaws.com/toolkit.afscme.org/dev/4_hendrick_amy/documents/original/189.pdf,https://s3.amazonaws.com/toolkit.afscme.org/dev/4_hendrick_amy/documents/original/189.png,/share_graphics/original/missing.png
https://s3.amazonaws.com/toolkit.afscme.org/dev/4_hendrick_amy/documents/original/192.pdf,https://s3.amazonaws.com/toolkit.afscme.org/dev/4_hendrick_amy/documents/original/192.png,/share_graphics/original/missing.png
/pdfs/original/missing.png,/thumbnails/original/missing.png,/share_graphics/original/missing.png
/pdfs/original/missing.png,/thumbnails/original/missing.png,/share_graphics/original/missing.png
/pdfs/original/missing.png,/thumbnails/original/missing.png,/share_graphics/original/missing.png
/pdfs/original/missing.png,https://s3.amazonaws.com/toolkit.afscme.org/dev/3_stearns_randy/documents/original/199.png,/share_graphics/original/missing.png
/pdfs/original/missing.png,https://s3.amazonaws.com/toolkit.afscme.org/dev/3_stearns_randy/documents/original/203.png,/share_graphics/original/missing.png
/pdfs/original/missing.png,/thumbnails/original/missing.png,/share_graphics/original/missing.png
https://s3.amazonaws.com/toolkit.afscme.org/dev/4_hendrick_amy/documents/original/205.pdf,https://s3.amazonaws.com/toolkit.afscme.org/dev/4_hendrick_amy/documents/original/205.png,/share_graphics/original/missing.png
https://s3.amazonaws.com/toolkit.afscme.org/dev/4_hendrick_amy/documents/original/207.pdf,https://s3.amazonaws.com/toolkit.afscme.org/dev/4_hendrick_amy/documents/original/207.png,/share_graphics/original/missing.png
https://s3.amazonaws.com/toolkit.afscme.org/dev/9_house_brandon/documents/original/208.pdf,https://s3.amazonaws.com/toolkit.afscme.org/dev/9_house_brandon/documents/original/208.png,/share_graphics/original/missing.png
/pdfs/original/missing.png,/thumbnails/original/missing.png,/share_graphics/original/missing.png
/pdfs/original/missing.png,/thumbnails/original/missing.png,/share_graphics/original/missing.png
https://s3.amazonaws.com/toolkit.afscme.org/dev/4_hendrick_amy/documents/original/213.pdf,https://s3.amazonaws.com/toolkit.afscme.org/dev/4_hendrick_amy/documents/original/213.png,/share_graphics/original/missing.png
/pdfs/original/missing.png,/thumbnails/original/missing.png,/share_graphics/original/missing.png
/pdfs/original/missing.png,/thumbnails/original/missing.png,/share_graphics/original/missing.png
https://s3.amazonaws.com/toolkit.afscme.org/dev/9_house_brandon/documents/original/220.pdf,https://s3.amazonaws.com/toolkit.afscme.org/dev/9_house_brandon/documents/original/220.png,/share_graphics/original/missing.png
https://s3.amazonaws.com/toolkit.afscme.org/dev/1_trost_jarred/documents/original/221.pdf,https://s3.amazonaws.com/toolkit.afscme.org/dev/1_trost_jarred/documents/original/221.png,/share_graphics/original/missing.png
https://s3.amazonaws.com/toolkit.afscme.org/dev/9_house_brandon/documents/original/222.pdf,https://s3.amazonaws.com/toolkit.afscme.org/dev/9_house_brandon/documents/original/222.png,/share_graphics/original/missing.png
https://s3.amazonaws.com/toolkit.afscme.org/dev/1_trost_jarred/documents/original/223.pdf,https://s3.amazonaws.com/toolkit.afscme.org/dev/1_trost_jarred/documents/original/223.png,/share_graphics/original/missing.png
https://s3.amazonaws.com/toolkit.afscme.org/dev/2_gutowski_timothy/documents/original/226.pdf,https://s3.amazonaws.com/toolkit.afscme.org/dev/2_gutowski_timothy/documents/original/226_thumb.png,/share_graphics/original/missing.png
https://s3.amazonaws.com/toolkit.afscme.org/dev/2_gutowski_timothy/documents/original/228.pdf,https://s3.amazonaws.com/toolkit.afscme.org/dev/2_gutowski_timothy/documents/original/228_thumb.png,/share_graphics/original/missing.png
https://s3.amazonaws.com/toolkit.afscme.org/dev/1_trost_jarred/documents/original/229.pdf,https://s3.amazonaws.com/toolkit.afscme.org/dev/1_trost_jarred/documents/original/229.png,/share_graphics/original/missing.png
https://s3.amazonaws.com/toolkit.afscme.org/dev/1_trost_jarred/documents/original/230.pdf,https://s3.amazonaws.com/toolkit.afscme.org/dev/1_trost_jarred/documents/original/230.png,/share_graphics/original/missing.png
https://s3.amazonaws.com/toolkit.afscme.org/dev/9_house_brandon/documents/original/231.pdf,https://s3.amazonaws.com/toolkit.afscme.org/dev/9_house_brandon/documents/original/231.png,/share_graphics/original/missing.png
https://s3.amazonaws.com/toolkit.afscme.org/dev/9_house_brandon/documents/original/232.pdf,https://s3.amazonaws.com/toolkit.afscme.org/dev/9_house_brandon/documents/original/232.png,/share_graphics/original/missing.png
https://s3.amazonaws.com/toolkit.afscme.org/dev/9_house_brandon/documents/original/233.pdf,https://s3.amazonaws.com/toolkit.afscme.org/dev/9_house_brandon/documents/original/233.png,/share_graphics/original/missing.png
https://s3.amazonaws.com/toolkit.afscme.org/dev/1_trost_jarred/documents/original/234.pdf,https://s3.amazonaws.com/toolkit.afscme.org/dev/1_trost_jarred/documents/original/234_thumb.png,/share_graphics/original/missing.png
https://s3.amazonaws.com/toolkit.afscme.org/dev/2_gutowski_timothy/documents/original/235.pdf,https://s3.amazonaws.com/toolkit.afscme.org/dev/2_gutowski_timothy/documents/original/235_thumb.png,/share_graphics/original/missing.png
https://s3.amazonaws.com/toolkit.afscme.org/dev/1_trost_jarred/documents/original/236.pdf,https://s3.amazonaws.com/toolkit.afscme.org/dev/1_trost_jarred/documents/original/236.png,/share_graphics/original/missing.png
https://s3.amazonaws.com/toolkit.afscme.org/dev/2_gutowski_timothy/documents/original/237.pdf,https://s3.amazonaws.com/toolkit.afscme.org/dev/2_gutowski_timothy/documents/original/237_thumb.png,/share_graphics/original/missing.png
https://s3.amazonaws.com/toolkit.afscme.org/dev/9_house_brandon/documents/original/238.pdf,https://s3.amazonaws.com/toolkit.afscme.org/dev/9_house_brandon/documents/original/238.png,/share_graphics/original/missing.png
https://s3.amazonaws.com/toolkit.afscme.org/dev/9_house_brandon/documents/original/239.pdf,https://s3.amazonaws.com/toolkit.afscme.org/dev/9_house_brandon/documents/original/239.png,/share_graphics/original/missing.png
https://s3.amazonaws.com/toolkit.afscme.org/dev/1_trost_jarred/documents/original/240.pdf,https://s3.amazonaws.com/toolkit.afscme.org/dev/1_trost_jarred/documents/original/240.png,/share_graphics/original/missing.png
https://s3.amazonaws.com/toolkit.afscme.org/dev/1_trost_jarred/documents/original/241.pdf,https://s3.amazonaws.com/toolkit.afscme.org/dev/1_trost_jarred/documents/original/241.png,/share_graphics/original/missing.png
https://s3.amazonaws.com/toolkit.afscme.org/dev/1_trost_jarred/documents/original/242.pdf,https://s3.amazonaws.com/toolkit.afscme.org/dev/1_trost_jarred/documents/original/242.png,/share_graphics/original/missing.png
https://s3.amazonaws.com/toolkit.afscme.org/dev/2_gutowski_timothy/documents/original/243.pdf,https://s3.amazonaws.com/toolkit.afscme.org/dev/2_gutowski_timothy/documents/original/243_thumb.png,/share_graphics/original/missing.png
https://s3.amazonaws.com/toolkit.afscme.org/dev/4_hendrick_amy/documents/original/244.pdf,https://s3.amazonaws.com/toolkit.afscme.org/dev/4_hendrick_amy/documents/original/244.png,/share_graphics/original/missing.png
https://s3.amazonaws.com/toolkit.afscme.org/dev/4_hendrick_amy/documents/original/245.pdf,https://s3.amazonaws.com/toolkit.afscme.org/dev/4_hendrick_amy/documents/original/245.png,/share_graphics/original/missing.png
https://s3.amazonaws.com/toolkit.afscme.org/dev/4_hendrick_amy/documents/original/246.pdf,https://s3.amazonaws.com/toolkit.afscme.org/dev/4_hendrick_amy/documents/original/246.png,/share_graphics/original/missing.png
https://s3.amazonaws.com/toolkit.afscme.org/dev/4_hendrick_amy/documents/original/247.pdf,https://s3.amazonaws.com/toolkit.afscme.org/dev/4_hendrick_amy/documents/original/247.png,/share_graphics/original/missing.png
https://s3.amazonaws.com/toolkit.afscme.org/dev/9_house_brandon/documents/original/248.pdf,https://s3.amazonaws.com/toolkit.afscme.org/dev/9_house_brandon/documents/original/248.png,/share_graphics/original/missing.png
https://s3.amazonaws.com/toolkit.afscme.org/dev/9_house_brandon/documents/original/249.pdf,https://s3.amazonaws.com/toolkit.afscme.org/dev/9_house_brandon/documents/original/249.png,/share_graphics/original/missing.png
https://s3.amazonaws.com/toolkit.afscme.org/dev/4_hendrick_amy/documents/original/250.pdf,https://s3.amazonaws.com/toolkit.afscme.org/dev/4_hendrick_amy/documents/original/250.png,/share_graphics/original/missing.png
https://s3.amazonaws.com/toolkit.afscme.org/dev/4_hendrick_amy/documents/original/251.pdf,https://s3.amazonaws.com/toolkit.afscme.org/dev/4_hendrick_amy/documents/original/251.png,/share_graphics/original/missing.png
https://s3.amazonaws.com/toolkit.afscme.org/dev/4_hendrick_amy/documents/original/252.pdf,https://s3.amazonaws.com/toolkit.afscme.org/dev/4_hendrick_amy/documents/original/252.png,/share_graphics/original/missing.png
https://s3.amazonaws.com/toolkit.afscme.org/dev/4_hendrick_amy/documents/original/253.pdf,https://s3.amazonaws.com/toolkit.afscme.org/dev/4_hendrick_amy/documents/original/253.png,/share_graphics/original/missing.png
https://s3.amazonaws.com/toolkit.afscme.org/dev/9_house_brandon/documents/original/254.pdf,https://s3.amazonaws.com/toolkit.afscme.org/dev/9_house_brandon/documents/original/254.png,/share_graphics/original/missing.png
https://s3.amazonaws.com/toolkit.afscme.org/dev/4_hendrick_amy/documents/original/255.pdf,https://s3.amazonaws.com/toolkit.afscme.org/dev/4_hendrick_amy/documents/original/255.png,/share_graphics/original/missing.png
https://s3.amazonaws.com/toolkit.afscme.org/dev/4_hendrick_amy/documents/original/256.pdf,https://s3.amazonaws.com/toolkit.afscme.org/dev/4_hendrick_amy/documents/original/256.png,/share_graphics/original/missing.png
https://s3.amazonaws.com/toolkit.afscme.org/dev/9_house_brandon/documents/original/257.pdf,https://s3.amazonaws.com/toolkit.afscme.org/dev/9_house_brandon/documents/original/257.png,/share_graphics/original/missing.png
https://s3.amazonaws.com/toolkit.afscme.org/dev/1_trost_jarred/documents/original/258.pdf,https://s3.amazonaws.com/toolkit.afscme.org/dev/1_trost_jarred/documents/original/258.png,/share_graphics/original/missing.png
/pdfs/original/missing.png,/thumbnails/original/missing.png,/share_graphics/original/missing.png
/pdfs/original/missing.png,/thumbnails/original/missing.png,/share_graphics/original/missing.png
https://s3.amazonaws.com/toolkit.afscme.org/dev/30_spandhla_tk/documents/original/262.pdf,https://s3.amazonaws.com/toolkit.afscme.org/dev/30_spandhla_tk/documents/original/262.png,/share_graphics/original/missing.png
https://s3.amazonaws.com/toolkit.afscme.org/dev/30_spandhla_tk/documents/original/263.pdf,https://s3.amazonaws.com/toolkit.afscme.org/dev/30_spandhla_tk/documents/original/263.png,/share_graphics/original/missing.png
https://s3.amazonaws.com/toolkit.afscme.org/dev/30_spandhla_tk/documents/original/264.pdf,https://s3.amazonaws.com/toolkit.afscme.org/dev/30_spandhla_tk/documents/original/264.png,/share_graphics/original/missing.png
https://s3.amazonaws.com/toolkit.afscme.org/dev/30_spandhla_tk/documents/original/265.pdf,https://s3.amazonaws.com/toolkit.afscme.org/dev/30_spandhla_tk/documents/original/265.png,/share_graphics/original/missing.png
https://s3.amazonaws.com/toolkit.afscme.org/dev/30_spandhla_tk/documents/original/266.pdf,https://s3.amazonaws.com/toolkit.afscme.org/dev/30_spandhla_tk/documents/original/266.png,/share_graphics/original/missing.png
https://s3.amazonaws.com/toolkit.afscme.org/dev/30_spandhla_tk/documents/original/267.pdf,https://s3.amazonaws.com/toolkit.afscme.org/dev/30_spandhla_tk/documents/original/267.png,/share_graphics/original/missing.png
https://s3.amazonaws.com/toolkit.afscme.org/dev/30_spandhla_tk/documents/original/268.pdf,https://s3.amazonaws.com/toolkit.afscme.org/dev/30_spandhla_tk/documents/original/268.png,/share_graphics/original/missing.png
https://s3.amazonaws.com/toolkit.afscme.org/dev/30_spandhla_tk/documents/original/269.pdf,https://s3.amazonaws.com/toolkit.afscme.org/dev/30_spandhla_tk/documents/original/269.png,/share_graphics/original/missing.png
https://s3.amazonaws.com/toolkit.afscme.org/dev/30_spandhla_tk/documents/original/270.pdf,https://s3.amazonaws.com/toolkit.afscme.org/dev/30_spandhla_tk/documents/original/270.png,/share_graphics/original/missing.png
https://s3.amazonaws.com/toolkit.afscme.org/dev/30_spandhla_tk/documents/original/271.pdf,https://s3.amazonaws.com/toolkit.afscme.org/dev/30_spandhla_tk/documents/original/271.png,/share_graphics/original/missing.png
https://s3.amazonaws.com/toolkit.afscme.org/dev/30_spandhla_tk/documents/original/272.pdf,https://s3.amazonaws.com/toolkit.afscme.org/dev/30_spandhla_tk/documents/original/272.png,/share_graphics/original/missing.png
https://s3.amazonaws.com/toolkit.afscme.org/dev/30_spandhla_tk/documents/original/273.pdf,https://s3.amazonaws.com/toolkit.afscme.org/dev/30_spandhla_tk/documents/original/273.png,/share_graphics/original/missing.png
https://s3.amazonaws.com/toolkit.afscme.org/dev/30_spandhla_tk/documents/original/274.pdf,https://s3.amazonaws.com/toolkit.afscme.org/dev/30_spandhla_tk/documents/original/274.png,/share_graphics/original/missing.png
https://s3.amazonaws.com/toolkit.afscme.org/dev/30_spandhla_tk/documents/original/275.pdf,https://s3.amazonaws.com/toolkit.afscme.org/dev/30_spandhla_tk/documents/original/275.png,/share_graphics/original/missing.png
https://s3.amazonaws.com/toolkit.afscme.org/dev/30_spandhla_tk/documents/original/276.pdf,https://s3.amazonaws.com/toolkit.afscme.org/dev/30_spandhla_tk/documents/original/276.png,/share_graphics/original/missing.png
https://s3.amazonaws.com/toolkit.afscme.org/dev/30_spandhla_tk/documents/original/277.pdf,https://s3.amazonaws.com/toolkit.afscme.org/dev/30_spandhla_tk/documents/original/277.png,/share_graphics/original/missing.png
https://s3.amazonaws.com/toolkit.afscme.org/dev/30_spandhla_tk/documents/original/278.pdf,https://s3.amazonaws.com/toolkit.afscme.org/dev/30_spandhla_tk/documents/original/278.png,/share_graphics/original/missing.png
https://s3.amazonaws.com/toolkit.afscme.org/dev/30_spandhla_tk/documents/original/279.pdf,https://s3.amazonaws.com/toolkit.afscme.org/dev/30_spandhla_tk/documents/original/279.png,/share_graphics/original/missing.png
https://s3.amazonaws.com/toolkit.afscme.org/dev/30_spandhla_tk/documents/original/280.pdf,https://s3.amazonaws.com/toolkit.afscme.org/dev/30_spandhla_tk/documents/original/280.png,/share_graphics/original/missing.png
https://s3.amazonaws.com/toolkit.afscme.org/dev/30_spandhla_tk/documents/original/281.pdf,https://s3.amazonaws.com/toolkit.afscme.org/dev/30_spandhla_tk/documents/original/281.png,/share_graphics/original/missing.png
https://s3.amazonaws.com/toolkit.afscme.org/dev/9_house_brandon/documents/original/282.pdf,https://s3.amazonaws.com/toolkit.afscme.org/dev/9_house_brandon/documents/original/282.png,/share_graphics/original/missing.png
https://s3.amazonaws.com/toolkit.afscme.org/dev/9_house_brandon/documents/original/283.pdf,https://s3.amazonaws.com/toolkit.afscme.org/dev/9_house_brandon/documents/original/283.png,/share_graphics/original/missing.png
https://s3.amazonaws.com/toolkit.afscme.org/dev/9_house_brandon/documents/original/284.pdf,https://s3.amazonaws.com/toolkit.afscme.org/dev/9_house_brandon/documents/original/284.png,/share_graphics/original/missing.png
https://s3.amazonaws.com/toolkit.afscme.org/dev/9_house_brandon/documents/original/285.pdf,https://s3.amazonaws.com/toolkit.afscme.org/dev/9_house_brandon/documents/original/285.png,/share_graphics/original/missing.png
https://s3.amazonaws.com/toolkit.afscme.org/dev/9_house_brandon/documents/original/286.pdf,https://s3.amazonaws.com/toolkit.afscme.org/dev/9_house_brandon/documents/original/286.png,/share_graphics/original/missing.png
https://s3.amazonaws.com/toolkit.afscme.org/dev/9_house_brandon/documents/original/287.pdf,https://s3.amazonaws.com/toolkit.afscme.org/dev/9_house_brandon/documents/original/287.png,/share_graphics/original/missing.png
https://s3.amazonaws.com/toolkit.afscme.org/dev/9_house_brandon/documents/original/288.pdf,https://s3.amazonaws.com/toolkit.afscme.org/dev/9_house_brandon/documents/original/288.png,/share_graphics/original/missing.png
https://s3.amazonaws.com/toolkit.afscme.org/dev/9_house_brandon/documents/original/289.pdf,https://s3.amazonaws.com/toolkit.afscme.org/dev/9_house_brandon/documents/original/289.png,/share_graphics/original/missing.png
https://s3.amazonaws.com/toolkit.afscme.org/dev/9_house_brandon/documents/original/290.pdf,https://s3.amazonaws.com/toolkit.afscme.org/dev/9_house_brandon/documents/original/290.png,/share_graphics/original/missing.png
https://s3.amazonaws.com/toolkit.afscme.org/dev/9_house_brandon/documents/original/291.pdf,https://s3.amazonaws.com/toolkit.afscme.org/dev/9_house_brandon/documents/original/291.png,/share_graphics/original/missing.png
https://s3.amazonaws.com/toolkit.afscme.org/dev/9_house_brandon/documents/original/292.pdf,https://s3.amazonaws.com/toolkit.afscme.org/dev/9_house_brandon/documents/original/292.png,/share_graphics/original/missing.png
https://s3.amazonaws.com/toolkit.afscme.org/dev/30_spandhla_tk/documents/original/293.pdf,https://s3.amazonaws.com/toolkit.afscme.org/dev/30_spandhla_tk/documents/original/293.png,/share_graphics/original/missing.png
https://s3.amazonaws.com/toolkit.afscme.org/dev/9_house_brandon/documents/original/294.pdf,https://s3.amazonaws.com/toolkit.afscme.org/dev/9_house_brandon/documents/original/294.png,/share_graphics/original/missing.png
https://s3.amazonaws.com/toolkit.afscme.org/dev/9_house_brandon/documents/original/295.pdf,https://s3.amazonaws.com/toolkit.afscme.org/dev/9_house_brandon/documents/original/295.png,/share_graphics/original/missing.png
https://s3.amazonaws.com/toolkit.afscme.org/dev/9_house_brandon/documents/original/296.pdf,https://s3.amazonaws.com/toolkit.afscme.org/dev/9_house_brandon/documents/original/296.png,/share_graphics/original/missing.png
https://s3.amazonaws.com/toolkit.afscme.org/dev/2_gutowski_timothy/documents/original/297.pdf,https://s3.amazonaws.com/toolkit.afscme.org/dev/2_gutowski_timothy/documents/original/297_thumb.png,/share_graphics/original/missing.png
https://s3.amazonaws.com/toolkit.afscme.org/dev/30_spandhla_tk/documents/original/298.pdf,https://s3.amazonaws.com/toolkit.afscme.org/dev/30_spandhla_tk/documents/original/298.png,/share_graphics/original/missing.png
https://s3.amazonaws.com/toolkit.afscme.org/dev/30_spandhla_tk/documents/original/299.pdf,https://s3.amazonaws.com/toolkit.afscme.org/dev/30_spandhla_tk/documents/original/299.png,/share_graphics/original/missing.png
https://s3.amazonaws.com/toolkit.afscme.org/dev/30_spandhla_tk/documents/original/300.pdf,https://s3.amazonaws.com/toolkit.afscme.org/dev/30_spandhla_tk/documents/original/300.png,/share_graphics/original/missing.png
https://s3.amazonaws.com/toolkit.afscme.org/dev/30_spandhla_tk/documents/original/301.pdf,https://s3.amazonaws.com/toolkit.afscme.org/dev/30_spandhla_tk/documents/original/301.png,/share_graphics/original/missing.png
https://s3.amazonaws.com/toolkit.afscme.org/dev/30_spandhla_tk/documents/original/302.pdf,https://s3.amazonaws.com/toolkit.afscme.org/dev/30_spandhla_tk/documents/original/302.png,/share_graphics/original/missing.png
https://s3.amazonaws.com/toolkit.afscme.org/dev/30_spandhla_tk/documents/original/303.pdf,https://s3.amazonaws.com/toolkit.afscme.org/dev/30_spandhla_tk/documents/original/303.png,/share_graphics/original/missing.png
https://s3.amazonaws.com/toolkit.afscme.org/dev/30_spandhla_tk/documents/original/304.pdf,https://s3.amazonaws.com/toolkit.afscme.org/dev/30_spandhla_tk/documents/original/304.png,/share_graphics/original/missing.png
https://s3.amazonaws.com/toolkit.afscme.org/dev/30_spandhla_tk/documents/original/305.pdf,https://s3.amazonaws.com/toolkit.afscme.org/dev/30_spandhla_tk/documents/original/305.png,/share_graphics/original/missing.png
https://s3.amazonaws.com/toolkit.afscme.org/dev/9_house_brandon/documents/original/306.pdf,https://s3.amazonaws.com/toolkit.afscme.org/dev/9_house_brandon/documents/original/306.png,/share_graphics/original/missing.png
https://s3.amazonaws.com/toolkit.afscme.org/dev/1_trost_jarred/documents/original/307.pdf,https://s3.amazonaws.com/toolkit.afscme.org/dev/1_trost_jarred/documents/original/307.png,/share_graphics/original/missing.png
https://s3.amazonaws.com/toolkit.afscme.org/dev/3_stearns_randy/documents/original/308.pdf,https://s3.amazonaws.com/toolkit.afscme.org/dev/3_stearns_randy/documents/original/308.png,/share_graphics/original/missing.png
https://s3.amazonaws.com/toolkit.afscme.org/dev/30_spandhla_tk/documents/original/309.pdf,https://s3.amazonaws.com/toolkit.afscme.org/dev/30_spandhla_tk/documents/original/309.png,/share_graphics/original/missing.png
https://s3.amazonaws.com/toolkit.afscme.org/dev/4_hendrick_amy/documents/original/310.pdf,https://s3.amazonaws.com/toolkit.afscme.org/dev/4_hendrick_amy/documents/original/310.png,/share_graphics/original/missing.png
https://s3.amazonaws.com/toolkit.afscme.org/dev/30_spandhla_tk/documents/original/311.pdf,https://s3.amazonaws.com/toolkit.afscme.org/dev/30_spandhla_tk/documents/original/311.png,/share_graphics/original/missing.png
https://s3.amazonaws.com/toolkit.afscme.org/dev/1_trost_jarred/documents/original/312.pdf,https://s3.amazonaws.com/toolkit.afscme.org/dev/1_trost_jarred/documents/original/312_thumb.png,/share_graphics/original/missing.png
https://s3.amazonaws.com/toolkit.afscme.org/dev/9_house_brandon/documents/original/313.pdf,https://s3.amazonaws.com/toolkit.afscme.org/dev/9_house_brandon/documents/original/313.png,/share_graphics/original/missing.png
https://s3.amazonaws.com/toolkit.afscme.org/dev/30_spandhla_tk/documents/original/314.pdf,https://s3.amazonaws.com/toolkit.afscme.org/dev/30_spandhla_tk/documents/original/314.png,/share_graphics/original/missing.png
https://s3.amazonaws.com/toolkit.afscme.org/dev/30_spandhla_tk/documents/original/315.pdf,https://s3.amazonaws.com/toolkit.afscme.org/dev/30_spandhla_tk/documents/original/315.png,/share_graphics/original/missing.png
https://s3.amazonaws.com/toolkit.afscme.org/dev/9_house_brandon/documents/original/316.pdf,https://s3.amazonaws.com/toolkit.afscme.org/dev/9_house_brandon/documents/original/316.png,/share_graphics/original/missing.png
https://s3.amazonaws.com/toolkit.afscme.org/dev/9_house_brandon/documents/original/317.pdf,https://s3.amazonaws.com/toolkit.afscme.org/dev/9_house_brandon/documents/original/317.png,/share_graphics/original/missing.png
https://s3.amazonaws.com/toolkit.afscme.org/dev/30_spandhla_tk/documents/original/318.pdf,https://s3.amazonaws.com/toolkit.afscme.org/dev/30_spandhla_tk/documents/original/318.png,/share_graphics/original/missing.png
https://s3.amazonaws.com/toolkit.afscme.org/dev/9_house_brandon/documents/original/319.pdf,https://s3.amazonaws.com/toolkit.afscme.org/dev/9_house_brandon/documents/original/319.png,/share_graphics/original/missing.png
https://s3.amazonaws.com/toolkit.afscme.org/dev/3_stearns_randy/documents/original/320.pdf,https://s3.amazonaws.com/toolkit.afscme.org/dev/3_stearns_randy/documents/original/320.png,/share_graphics/original/missing.png
https://s3.amazonaws.com/toolkit.afscme.org/dev/3_stearns_randy/documents/original/321.pdf,https://s3.amazonaws.com/toolkit.afscme.org/dev/3_stearns_randy/documents/original/321.png,/share_graphics/original/missing.png
https://s3.amazonaws.com/toolkit.afscme.org/dev/3_stearns_randy/documents/original/322.pdf,https://s3.amazonaws.com/toolkit.afscme.org/dev/3_stearns_randy/documents/original/322.png,/share_graphics/original/missing.png
/pdfs/original/missing.png,https://s3.amazonaws.com/toolkit.afscme.org/dev/1_trost_jarred/documents/original/323_thumb.png,https://s3.amazonaws.com/toolkit.afscme.org/dev/1_trost_jarred/documents/original/323.png
/pdfs/original/missing.png,https://s3.amazonaws.com/toolkit.afscme.org/dev/1_trost_jarred/documents/original/324_thumb.png,https://s3.amazonaws.com/toolkit.afscme.org/dev/1_trost_jarred/documents/original/324.jpg
https://s3.amazonaws.com/toolkit.afscme.org/dev/9_house_brandon/documents/original/325.pdf,https://s3.amazonaws.com/toolkit.afscme.org/dev/9_house_brandon/documents/original/325_thumb.png,/share_graphics/original/missing.png
/pdfs/original/missing.png,https://s3.amazonaws.com/toolkit.afscme.org/dev/1_trost_jarred/documents/original/326_thumb.png,https://s3.amazonaws.com/toolkit.afscme.org/dev/1_trost_jarred/documents/original/326.jpg
/pdfs/original/missing.png,https://s3.amazonaws.com/toolkit.afscme.org/dev/9_house_brandon/documents/original/327_thumb.png,https://s3.amazonaws.com/toolkit.afscme.org/dev/9_house_brandon/documents/original/327.jpg
https://s3.amazonaws.com/toolkit.afscme.org/dev/9_house_brandon/documents/original/328.pdf,https://s3.amazonaws.com/toolkit.afscme.org/dev/9_house_brandon/documents/original/328_thumb.png,/share_graphics/original/missing.png
https://s3.amazonaws.com/toolkit.afscme.org/dev/9_house_brandon/documents/original/329.pdf,https://s3.amazonaws.com/toolkit.afscme.org/dev/9_house_brandon/documents/original/329_thumb.png,/share_graphics/original/missing.png
https://s3.amazonaws.com/toolkit.afscme.org/dev/30_spandhla_tk/documents/original/330.pdf,https://s3.amazonaws.com/toolkit.afscme.org/dev/30_spandhla_tk/documents/original/330_thumb.png,/share_graphics/original/missing.png
/pdfs/original/missing.png,https://s3.amazonaws.com/toolkit.afscme.org/dev/30_spandhla_tk/documents/original/331_thumb.png,https://s3.amazonaws.com/toolkit.afscme.org/dev/30_spandhla_tk/documents/original/331.jpg
https://s3.amazonaws.com/toolkit.afscme.org/dev/30_spandhla_tk/documents/original/332.pdf,https://s3.amazonaws.com/toolkit.afscme.org/dev/30_spandhla_tk/documents/original/332_thumb.png,/share_graphics/original/missing.png
/pdfs/original/missing.png,https://s3.amazonaws.com/toolkit.afscme.org/dev/2_gutowski_timothy/documents/original/333_thumb.png,https://s3.amazonaws.com/toolkit.afscme.org/dev/2_gutowski_timothy/documents/original/333.jpg
https://s3.amazonaws.com/toolkit.afscme.org/dev/1_trost_jarred/documents/original/334.pdf,https://s3.amazonaws.com/toolkit.afscme.org/dev/1_trost_jarred/documents/original/334_thumb.png,/share_graphics/original/missing.png
https://s3.amazonaws.com/toolkit.afscme.org/dev/9_house_brandon/documents/original/335.pdf,https://s3.amazonaws.com/toolkit.afscme.org/dev/9_house_brandon/documents/original/335_thumb.png,/share_graphics/original/missing.png
https://s3.amazonaws.com/toolkit.afscme.org/dev/9_house_brandon/documents/original/336.pdf,https://s3.amazonaws.com/toolkit.afscme.org/dev/9_house_brandon/documents/original/336_thumb.png,/share_graphics/original/missing.png
https://s3.amazonaws.com/toolkit.afscme.org/dev/9_house_brandon/documents/original/337.pdf,https://s3.amazonaws.com/toolkit.afscme.org/dev/9_house_brandon/documents/original/337_thumb.png,/share_graphics/original/missing.png
https://s3.amazonaws.com/toolkit.afscme.org/dev/9_house_brandon/documents/original/338.pdf,https://s3.amazonaws.com/toolkit.afscme.org/dev/9_house_brandon/documents/original/338_thumb.png,/share_graphics/original/missing.png
https://s3.amazonaws.com/toolkit.afscme.org/dev/1_trost_jarred/documents/original/339.pdf,https://s3.amazonaws.com/toolkit.afscme.org/dev/1_trost_jarred/documents/original/339_thumb.png,/share_graphics/original/missing.png
https://s3.amazonaws.com/toolkit.afscme.org/dev/2_gutowski_timothy/documents/original/340.pdf,https://s3.amazonaws.com/toolkit.afscme.org/dev/2_gutowski_timothy/documents/original/340_thumb.png,/share_graphics/original/missing.png
https://s3.amazonaws.com/toolkit.afscme.org/dev/9_house_brandon/documents/original/341.pdf,https://s3.amazonaws.com/toolkit.afscme.org/dev/9_house_brandon/documents/original/341_thumb.png,/share_graphics/original/missing.png
https://s3.amazonaws.com/toolkit.afscme.org/dev/9_house_brandon/documents/original/342.pdf,https://s3.amazonaws.com/toolkit.afscme.org/dev/9_house_brandon/documents/original/342_thumb.png,/share_graphics/original/missing.png
https://s3.amazonaws.com/toolkit.afscme.org/dev/9_house_brandon/documents/original/343.pdf,https://s3.amazonaws.com/toolkit.afscme.org/dev/9_house_brandon/documents/original/343_thumb.png,/share_graphics/original/missing.png
https://s3.amazonaws.com/toolkit.afscme.org/dev/1_trost_jarred/documents/original/344.pdf,https://s3.amazonaws.com/toolkit.afscme.org/dev/1_trost_jarred/documents/original/344_thumb.png,/share_graphics/original/missing.png
https://s3.amazonaws.com/toolkit.afscme.org/dev/1_trost_jarred/documents/original/345.pdf,https://s3.amazonaws.com/toolkit.afscme.org/dev/1_trost_jarred/documents/original/345_thumb.png,/share_graphics/original/missing.png
https://s3.amazonaws.com/toolkit.afscme.org/dev/1_trost_jarred/documents/original/346.pdf,https://s3.amazonaws.com/toolkit.afscme.org/dev/1_trost_jarred/documents/original/346_thumb.png,/share_graphics/original/missing.png
https://s3.amazonaws.com/toolkit.afscme.org/dev/9_house_brandon/documents/original/347.pdf,https://s3.amazonaws.com/toolkit.afscme.org/dev/9_house_brandon/documents/original/347_thumb.png,/share_graphics/original/missing.png
https://s3.amazonaws.com/toolkit.afscme.org/dev/9_house_brandon/documents/original/348.pdf,https://s3.amazonaws.com/toolkit.afscme.org/dev/9_house_brandon/documents/original/348_thumb.png,/share_graphics/original/missing.png
https://s3.amazonaws.com/toolkit.afscme.org/dev/30_spandhla_tk/documents/original/349.pdf,https://s3.amazonaws.com/toolkit.afscme.org/dev/30_spandhla_tk/documents/original/349_thumb.png,/share_graphics/original/missing.png
https://s3.amazonaws.com/toolkit.afscme.org/dev/2_gutowski_timothy/documents/original/350.pdf,https://s3.amazonaws.com/toolkit.afscme.org/dev/2_gutowski_timothy/documents/original/350_thumb.png,/share_graphics/original/missing.png
https://s3.amazonaws.com/toolkit.afscme.org/dev/30_spandhla_tk/documents/original/351.pdf,https://s3.amazonaws.com/toolkit.afscme.org/dev/30_spandhla_tk/documents/original/351_thumb.png,/share_graphics/original/missing.png
https://s3.amazonaws.com/toolkit.afscme.org/dev/1_trost_jarred/documents/original/352.pdf,https://s3.amazonaws.com/toolkit.afscme.org/dev/1_trost_jarred/documents/original/352_thumb.png,/share_graphics/original/missing.png
https://s3.amazonaws.com/toolkit.afscme.org/dev/30_spandhla_tk/documents/original/353.pdf,https://s3.amazonaws.com/toolkit.afscme.org/dev/30_spandhla_tk/documents/original/353_thumb.png,/share_graphics/original/missing.png
https://s3.amazonaws.com/toolkit.afscme.org/dev/9_house_brandon/documents/original/354.pdf,https://s3.amazonaws.com/toolkit.afscme.org/dev/9_house_brandon/documents/original/354_thumb.png,/share_graphics/original/missing.png
https://s3.amazonaws.com/toolkit.afscme.org/dev/3_stearns_randy/documents/original/355.pdf,https://s3.amazonaws.com/toolkit.afscme.org/dev/3_stearns_randy/documents/original/355_thumb.png,/share_graphics/original/missing.png
https://s3.amazonaws.com/toolkit.afscme.org/dev/30_spandhla_tk/documents/original/356.pdf,https://s3.amazonaws.com/toolkit.afscme.org/dev/30_spandhla_tk/documents/original/356_thumb.png,/share_graphics/original/missing.png
https://s3.amazonaws.com/toolkit.afscme.org/dev/54_noonan_john/documents/original/357.pdf,https://s3.amazonaws.com/toolkit.afscme.org/dev/54_noonan_john/documents/original/357_thumb.png,/share_graphics/original/missing.png
https://s3.amazonaws.com/toolkit.afscme.org/dev/1_trost_jarred/documents/original/358.pdf,https://s3.amazonaws.com/toolkit.afscme.org/dev/1_trost_jarred/documents/original/358_thumb.png,/share_graphics/original/missing.png
https://s3.amazonaws.com/toolkit.afscme.org/dev/1_trost_jarred/documents/original/359.pdf,https://s3.amazonaws.com/toolkit.afscme.org/dev/1_trost_jarred/documents/original/359_thumb.png,/share_graphics/original/missing.png
https://s3.amazonaws.com/toolkit.afscme.org/dev/30_spandhla_tk/documents/original/360.pdf,https://s3.amazonaws.com/toolkit.afscme.org/dev/30_spandhla_tk/documents/original/360_thumb.png,/share_graphics/original/missing.png
https://s3.amazonaws.com/toolkit.afscme.org/dev/30_spandhla_tk/documents/original/362.pdf,https://s3.amazonaws.com/toolkit.afscme.org/dev/30_spandhla_tk/documents/original/362_thumb.png,/share_graphics/original/missing.png
https://s3.amazonaws.com/toolkit.afscme.org/dev/9_house_brandon/documents/original/363.pdf,https://s3.amazonaws.com/toolkit.afscme.org/dev/9_house_brandon/documents/original/363_thumb.png,/share_graphics/original/missing.png
https://s3.amazonaws.com/toolkit.afscme.org/dev/9_house_brandon/documents/original/364.pdf,https://s3.amazonaws.com/toolkit.afscme.org/dev/9_house_brandon/documents/original/364_thumb.png,/share_graphics/original/missing.png
https://s3.amazonaws.com/toolkit.afscme.org/dev/9_house_brandon/documents/original/365.pdf,https://s3.amazonaws.com/toolkit.afscme.org/dev/9_house_brandon/documents/original/365_thumb.png,/share_graphics/original/missing.png
https://s3.amazonaws.com/toolkit.afscme.org/dev/1_trost_jarred/documents/original/366.pdf,https://s3.amazonaws.com/toolkit.afscme.org/dev/1_trost_jarred/documents/original/366_thumb.png,/share_graphics/original/missing.png
https://s3.amazonaws.com/toolkit.afscme.org/dev/9_house_brandon/documents/original/367.pdf,https://s3.amazonaws.com/toolkit.afscme.org/dev/9_house_brandon/documents/original/367_thumb.png,/share_graphics/original/missing.png
https://s3.amazonaws.com/toolkit.afscme.org/dev/9_house_brandon/documents/original/368.pdf,https://s3.amazonaws.com/toolkit.afscme.org/dev/9_house_brandon/documents/original/368_thumb.png,/share_graphics/original/missing.png
https://s3.amazonaws.com/toolkit.afscme.org/dev/30_spandhla_tk/documents/original/369.pdf,https://s3.amazonaws.com/toolkit.afscme.org/dev/30_spandhla_tk/documents/original/369_thumb.png,/share_graphics/original/missing.png
https://s3.amazonaws.com/toolkit.afscme.org/dev/1_trost_jarred/documents/original/370.pdf,https://s3.amazonaws.com/toolkit.afscme.org/dev/1_trost_jarred/documents/original/370_thumb.png,/share_graphics/original/missing.png
https://s3.amazonaws.com/toolkit.afscme.org/dev/2_gutowski_timothy/documents/original/372.pdf,https://s3.amazonaws.com/toolkit.afscme.org/dev/2_gutowski_timothy/documents/original/372_thumb.png,/share_graphics/original/missing.png
https://s3.amazonaws.com/toolkit.afscme.org/dev/2_gutowski_timothy/documents/original/374.pdf,https://s3.amazonaws.com/toolkit.afscme.org/dev/2_gutowski_timothy/documents/original/374_thumb.png,/share_graphics/original/missing.png
https://s3.amazonaws.com/toolkit.afscme.org/dev/2_gutowski_timothy/documents/original/375.pdf,https://s3.amazonaws.com/toolkit.afscme.org/dev/2_gutowski_timothy/documents/original/375_thumb.png,/share_graphics/original/missing.png
https://s3.amazonaws.com/toolkit.afscme.org/dev/1_trost_jarred/documents/original/376.pdf,https://s3.amazonaws.com/toolkit.afscme.org/dev/1_trost_jarred/documents/original/376_thumb.png,/share_graphics/original/missing.png
https://s3.amazonaws.com/toolkit.afscme.org/dev/1_trost_jarred/documents/original/377.pdf,https://s3.amazonaws.com/toolkit.afscme.org/dev/1_trost_jarred/documents/original/377_thumb.png,https://s3.amazonaws.com/toolkit.afscme.org/dev/1_trost_jarred/documents/original/377.jpg
/pdfs/original/missing.png,/thumbnails/original/missing.png,/share_graphics/original/missing.png
https://s3.amazonaws.com/toolkit.afscme.org/dev/9_house_brandon/documents/original/379.pdf,https://s3.amazonaws.com/toolkit.afscme.org/dev/9_house_brandon/documents/original/379_thumb.png,/share_graphics/original/missing.png
https://s3.amazonaws.com/toolkit.afscme.org/dev/9_house_brandon/documents/original/380.pdf,https://s3.amazonaws.com/toolkit.afscme.org/dev/9_house_brandon/documents/original/380_thumb.png,/share_graphics/original/missing.png
https://s3.amazonaws.com/toolkit.afscme.org/dev/3_stearns_randy/documents/original/381.pdf,https://s3.amazonaws.com/toolkit.afscme.org/dev/3_stearns_randy/documents/original/381_thumb.png,/share_graphics/original/missing.png
https://s3.amazonaws.com/toolkit.afscme.org/dev/3_stearns_randy/documents/original/382.pdf,https://s3.amazonaws.com/toolkit.afscme.org/dev/3_stearns_randy/documents/original/382_thumb.png,/share_graphics/original/missing.png
https://s3.amazonaws.com/toolkit.afscme.org/dev/30_spandhla_tk/documents/original/383.pdf,https://s3.amazonaws.com/toolkit.afscme.org/dev/30_spandhla_tk/documents/original/383_thumb.png,/share_graphics/original/missing.png
https://s3.amazonaws.com/toolkit.afscme.org/dev/30_spandhla_tk/documents/original/384.pdf,https://s3.amazonaws.com/toolkit.afscme.org/dev/30_spandhla_tk/documents/original/384_thumb.png,/share_graphics/original/missing.png
https://s3.amazonaws.com/toolkit.afscme.org/dev/29_stremsterfer_jonathan/documents/original/385.pdf,https://s3.amazonaws.com/toolkit.afscme.org/dev/29_stremsterfer_jonathan/documents/original/385_thumb.png,/share_graphics/original/missing.png
https://s3.amazonaws.com/toolkit.afscme.org/dev/29_stremsterfer_jonathan/documents/original/386.pdf,https://s3.amazonaws.com/toolkit.afscme.org/dev/29_stremsterfer_jonathan/documents/original/386_thumb.png,/share_graphics/original/missing.png
https://s3.amazonaws.com/toolkit.afscme.org/dev/9_house_brandon/documents/original/387.pdf,https://s3.amazonaws.com/toolkit.afscme.org/dev/9_house_brandon/documents/original/387_thumb.png,/share_graphics/original/missing.png
https://s3.amazonaws.com/toolkit.afscme.org/dev/9_house_brandon/documents/original/388.pdf,https://s3.amazonaws.com/toolkit.afscme.org/dev/9_house_brandon/documents/original/388_thumb.png,/share_graphics/original/missing.png
https://s3.amazonaws.com/toolkit.afscme.org/dev/9_house_brandon/documents/original/389.pdf,https://s3.amazonaws.com/toolkit.afscme.org/dev/9_house_brandon/documents/original/389_thumb.png,/share_graphics/original/missing.png
https://s3.amazonaws.com/toolkit.afscme.org/dev/9_house_brandon/documents/original/390.pdf,https://s3.amazonaws.com/toolkit.afscme.org/dev/9_house_brandon/documents/original/390_thumb.png,/share_graphics/original/missing.png
https://s3.amazonaws.com/toolkit.afscme.org/dev/9_house_brandon/documents/original/391.pdf,https://s3.amazonaws.com/toolkit.afscme.org/dev/9_house_brandon/documents/original/391_thumb.png,/share_graphics/original/missing.png
https://s3.amazonaws.com/toolkit.afscme.org/dev/9_house_brandon/documents/original/392.pdf,https://s3.amazonaws.com/toolkit.afscme.org/dev/9_house_brandon/documents/original/392_thumb.png,/share_graphics/original/missing.png
https://s3.amazonaws.com/toolkit.afscme.org/dev/9_house_brandon/documents/original/393.pdf,https://s3.amazonaws.com/toolkit.afscme.org/dev/9_house_brandon/documents/original/393_thumb.png,/share_graphics/original/missing.png
https://s3.amazonaws.com/toolkit.afscme.org/dev/9_house_brandon/documents/original/394.pdf,https://s3.amazonaws.com/toolkit.afscme.org/dev/9_house_brandon/documents/original/394_thumb.png,/share_graphics/original/missing.png
https://s3.amazonaws.com/toolkit.afscme.org/dev/2_gutowski_timothy/documents/original/395.pdf,https://s3.amazonaws.com/toolkit.afscme.org/dev/2_gutowski_timothy/documents/original/395_thumb.png,/share_graphics/original/missing.png
https://s3.amazonaws.com/toolkit.afscme.org/dev/9_house_brandon/documents/original/396.pdf,https://s3.amazonaws.com/toolkit.afscme.org/dev/9_house_brandon/documents/original/396_thumb.png,/share_graphics/original/missing.png
https://s3.amazonaws.com/toolkit.afscme.org/dev/2_gutowski_timothy/documents/original/397.pdf,https://s3.amazonaws.com/toolkit.afscme.org/dev/2_gutowski_timothy/documents/original/397_thumb.png,/share_graphics/original/missing.png
https://s3.amazonaws.com/toolkit.afscme.org/dev/30_spandhla_tk/documents/original/398.pdf,https://s3.amazonaws.com/toolkit.afscme.org/dev/30_spandhla_tk/documents/original/398_thumb.png,/share_graphics/original/missing.png
https://s3.amazonaws.com/toolkit.afscme.org/dev/9_house_brandon/documents/original/399.pdf,https://s3.amazonaws.com/toolkit.afscme.org/dev/9_house_brandon/documents/original/399_thumb.png,/share_graphics/original/missing.png
https://s3.amazonaws.com/toolkit.afscme.org/dev/9_house_brandon/documents/original/400.pdf,https://s3.amazonaws.com/toolkit.afscme.org/dev/9_house_brandon/documents/original/400_thumb.png,/share_graphics/original/missing.png
https://s3.amazonaws.com/toolkit.afscme.org/dev/9_house_brandon/documents/original/401.pdf,https://s3.amazonaws.com/toolkit.afscme.org/dev/9_house_brandon/documents/original/401_thumb.png,/share_graphics/original/missing.png
https://s3.amazonaws.com/toolkit.afscme.org/dev/2_gutowski_timothy/documents/original/402.pdf,https://s3.amazonaws.com/toolkit.afscme.org/dev/2_gutowski_timothy/documents/original/402_thumb.png,/share_graphics/original/missing.png
https://s3.amazonaws.com/toolkit.afscme.org/dev/2_gutowski_timothy/documents/original/403.pdf,https://s3.amazonaws.com/toolkit.afscme.org/dev/2_gutowski_timothy/documents/original/403_thumb.png,/share_graphics/original/missing.png
https://s3.amazonaws.com/toolkit.afscme.org/dev/9_house_brandon/documents/original/404.pdf,https://s3.amazonaws.com/toolkit.afscme.org/dev/9_house_brandon/documents/original/404_thumb.png,/share_graphics/original/missing.png
https://s3.amazonaws.com/toolkit.afscme.org/dev/9_house_brandon/documents/original/405.pdf,https://s3.amazonaws.com/toolkit.afscme.org/dev/9_house_brandon/documents/original/405_thumb.png,/share_graphics/original/missing.png
https://s3.amazonaws.com/toolkit.afscme.org/dev/54_noonan_john/documents/original/406.pdf,https://s3.amazonaws.com/toolkit.afscme.org/dev/54_noonan_john/documents/original/406_thumb.png,/share_graphics/original/missing.png
https://s3.amazonaws.com/toolkit.afscme.org/dev/2_gutowski_timothy/documents/original/407.pdf,https://s3.amazonaws.com/toolkit.afscme.org/dev/2_gutowski_timothy/documents/original/407_thumb.png,/share_graphics/original/missing.png
https://s3.amazonaws.com/toolkit.afscme.org/dev/1_trost_jarred/documents/original/408.pdf,https://s3.amazonaws.com/toolkit.afscme.org/dev/1_trost_jarred/documents/original/408_thumb.png,/share_graphics/original/missing.png
https://s3.amazonaws.com/toolkit.afscme.org/dev/9_house_brandon/documents/original/409.pdf,https://s3.amazonaws.com/toolkit.afscme.org/dev/9_house_brandon/documents/original/409_thumb.png,/share_graphics/original/missing.png
https://s3.amazonaws.com/toolkit.afscme.org/dev/54_noonan_john/documents/original/410.pdf,https://s3.amazonaws.com/toolkit.afscme.org/dev/54_noonan_john/documents/original/410_thumb.png,/share_graphics/original/missing.png
https://s3.amazonaws.com/toolkit.afscme.org/dev/9_house_brandon/documents/original/411.pdf,https://s3.amazonaws.com/toolkit.afscme.org/dev/9_house_brandon/documents/original/411_thumb.png,/share_graphics/original/missing.png
https://s3.amazonaws.com/toolkit.afscme.org/dev/1_trost_jarred/documents/original/412.pdf,https://s3.amazonaws.com/toolkit.afscme.org/dev/1_trost_jarred/documents/original/412_thumb.png,/share_graphics/original/missing.png
https://s3.amazonaws.com/toolkit.afscme.org/dev/9_house_brandon/documents/original/413.pdf,https://s3.amazonaws.com/toolkit.afscme.org/dev/9_house_brandon/documents/original/413_thumb.png,/share_graphics/original/missing.png
https://s3.amazonaws.com/toolkit.afscme.org/dev/63_kazanas_alexander/documents/original/414.pdf,https://s3.amazonaws.com/toolkit.afscme.org/dev/63_kazanas_alexander/documents/original/414_thumb.png,/share_graphics/original/missing.png
https://s3.amazonaws.com/toolkit.afscme.org/dev/63_kazanas_alexander/documents/original/415.pdf,https://s3.amazonaws.com/toolkit.afscme.org/dev/63_kazanas_alexander/documents/original/415_thumb.png,/share_graphics/original/missing.png
https://s3.amazonaws.com/toolkit.afscme.org/dev/9_house_brandon/documents/original/416.pdf,https://s3.amazonaws.com/toolkit.afscme.org/dev/9_house_brandon/documents/original/416_thumb.png,/share_graphics/original/missing.png
https://s3.amazonaws.com/toolkit.afscme.org/dev/9_house_brandon/documents/original/417.pdf,https://s3.amazonaws.com/toolkit.afscme.org/dev/9_house_brandon/documents/original/417_thumb.png,/share_graphics/original/missing.png
https://s3.amazonaws.com/toolkit.afscme.org/dev/63_kazanas_alexander/documents/original/418.pdf,https://s3.amazonaws.com/toolkit.afscme.org/dev/63_kazanas_alexander/documents/original/418_thumb.png,/share_graphics/original/missing.png
https://s3.amazonaws.com/toolkit.afscme.org/dev/63_kazanas_alexander/documents/original/419.pdf,https://s3.amazonaws.com/toolkit.afscme.org/dev/63_kazanas_alexander/documents/original/419_thumb.png,/share_graphics/original/missing.png
https://s3.amazonaws.com/toolkit.afscme.org/dev/63_kazanas_alexander/documents/original/420.pdf,https://s3.amazonaws.com/toolkit.afscme.org/dev/63_kazanas_alexander/documents/original/420_thumb.png,/share_graphics/original/missing.png
https://s3.amazonaws.com/toolkit.afscme.org/dev/9_house_brandon/documents/original/421.pdf,https://s3.amazonaws.com/toolkit.afscme.org/dev/9_house_brandon/documents/original/421_thumb.png,/share_graphics/original/missing.png
https://s3.amazonaws.com/toolkit.afscme.org/dev/9_house_brandon/documents/original/422.pdf,https://s3.amazonaws.com/toolkit.afscme.org/dev/9_house_brandon/documents/original/422_thumb.png,/share_graphics/original/missing.png
https://s3.amazonaws.com/toolkit.afscme.org/dev/9_house_brandon/documents/original/423.pdf,https://s3.amazonaws.com/toolkit.afscme.org/dev/9_house_brandon/documents/original/423_thumb.png,/share_graphics/original/missing.png
https://s3.amazonaws.com/toolkit.afscme.org/dev/63_kazanas_alexander/documents/original/424.pdf,https://s3.amazonaws.com/toolkit.afscme.org/dev/63_kazanas_alexander/documents/original/424_thumb.png,/share_graphics/original/missing.png
https://s3.amazonaws.com/toolkit.afscme.org/dev/63_kazanas_alexander/documents/original/425.pdf,https://s3.amazonaws.com/toolkit.afscme.org/dev/63_kazanas_alexander/documents/original/425_thumb.png,/share_graphics/original/missing.png
https://s3.amazonaws.com/toolkit.afscme.org/dev/63_kazanas_alexander/documents/original/426.pdf,https://s3.amazonaws.com/toolkit.afscme.org/dev/63_kazanas_alexander/documents/original/426_thumb.png,/share_graphics/original/missing.png
https://s3.amazonaws.com/toolkit.afscme.org/dev/9_house_brandon/documents/original/427.pdf,https://s3.amazonaws.com/toolkit.afscme.org/dev/9_house_brandon/documents/original/427_thumb.png,/share_graphics/original/missing.png
https://s3.amazonaws.com/toolkit.afscme.org/dev/63_kazanas_alexander/documents/original/428.pdf,https://s3.amazonaws.com/toolkit.afscme.org/dev/63_kazanas_alexander/documents/original/428_thumb.png,/share_graphics/original/missing.png
https://s3.amazonaws.com/toolkit.afscme.org/dev/64_interns_afscme/documents/original/429.pdf,https://s3.amazonaws.com/toolkit.afscme.org/dev/64_interns_afscme/documents/original/429_thumb.png,/share_graphics/original/missing.png
https://s3.amazonaws.com/toolkit.afscme.org/dev/64_interns_afscme/documents/original/430.pdf,https://s3.amazonaws.com/toolkit.afscme.org/dev/64_interns_afscme/documents/original/430_thumb.png,/share_graphics/original/missing.png
https://s3.amazonaws.com/toolkit.afscme.org/dev/63_kazanas_alexander/documents/original/431.pdf,https://s3.amazonaws.com/toolkit.afscme.org/dev/63_kazanas_alexander/documents/original/431_thumb.png,/share_graphics/original/missing.png
https://s3.amazonaws.com/toolkit.afscme.org/dev/63_kazanas_alexander/documents/original/432.pdf,https://s3.amazonaws.com/toolkit.afscme.org/dev/63_kazanas_alexander/documents/original/432_thumb.png,/share_graphics/original/missing.png
https://s3.amazonaws.com/toolkit.afscme.org/dev/9_house_brandon/documents/original/433.pdf,https://s3.amazonaws.com/toolkit.afscme.org/dev/9_house_brandon/documents/original/433_thumb.png,/share_graphics/original/missing.png
https://s3.amazonaws.com/toolkit.afscme.org/dev/63_kazanas_alexander/documents/original/434.pdf,https://s3.amazonaws.com/toolkit.afscme.org/dev/63_kazanas_alexander/documents/original/434_thumb.png,/share_graphics/original/missing.png
https://s3.amazonaws.com/toolkit.afscme.org/dev/63_kazanas_alexander/documents/original/435.pdf,https://s3.amazonaws.com/toolkit.afscme.org/dev/63_kazanas_alexander/documents/original/435_thumb.png,/share_graphics/original/missing.png
https://s3.amazonaws.com/toolkit.afscme.org/dev/63_kazanas_alexander/documents/original/436.pdf,https://s3.amazonaws.com/toolkit.afscme.org/dev/63_kazanas_alexander/documents/original/436_thumb.png,/share_graphics/original/missing.png
https://s3.amazonaws.com/toolkit.afscme.org/dev/63_kazanas_alexander/documents/original/437.pdf,https://s3.amazonaws.com/toolkit.afscme.org/dev/63_kazanas_alexander/documents/original/437_thumb.png,/share_graphics/original/missing.png
https://s3.amazonaws.com/toolkit.afscme.org/dev/63_kazanas_alexander/documents/original/438.pdf,https://s3.amazonaws.com/toolkit.afscme.org/dev/63_kazanas_alexander/documents/original/438_thumb.png,/share_graphics/original/missing.png
https://s3.amazonaws.com/toolkit.afscme.org/dev/63_kazanas_alexander/documents/original/439.pdf,https://s3.amazonaws.com/toolkit.afscme.org/dev/63_kazanas_alexander/documents/original/439_thumb.png,/share_graphics/original/missing.png
https://s3.amazonaws.com/toolkit.afscme.org/dev/63_kazanas_alexander/documents/original/440.pdf,https://s3.amazonaws.com/toolkit.afscme.org/dev/63_kazanas_alexander/documents/original/440_thumb.png,/share_graphics/original/missing.png
https://s3.amazonaws.com/toolkit.afscme.org/dev/63_kazanas_alexander/documents/original/441.pdf,https://s3.amazonaws.com/toolkit.afscme.org/dev/63_kazanas_alexander/documents/original/441_thumb.png,/share_graphics/original/missing.png
https://s3.amazonaws.com/toolkit.afscme.org/dev/63_kazanas_alexander/documents/original/442.pdf,https://s3.amazonaws.com/toolkit.afscme.org/dev/63_kazanas_alexander/documents/original/442_thumb.png,/share_graphics/original/missing.png
https://s3.amazonaws.com/toolkit.afscme.org/dev/63_kazanas_alexander/documents/original/443.pdf,https://s3.amazonaws.com/toolkit.afscme.org/dev/63_kazanas_alexander/documents/original/443_thumb.png,/share_graphics/original/missing.png
https://s3.amazonaws.com/toolkit.afscme.org/dev/64_interns_afscme/documents/original/444.pdf,https://s3.amazonaws.com/toolkit.afscme.org/dev/64_interns_afscme/documents/original/444_thumb.png,/share_graphics/original/missing.png
https://s3.amazonaws.com/toolkit.afscme.org/dev/63_kazanas_alexander/documents/original/445.pdf,https://s3.amazonaws.com/toolkit.afscme.org/dev/63_kazanas_alexander/documents/original/445_thumb.png,/share_graphics/original/missing.png
https://s3.amazonaws.com/toolkit.afscme.org/dev/9_house_brandon/documents/original/446.pdf,https://s3.amazonaws.com/toolkit.afscme.org/dev/9_house_brandon/documents/original/446_thumb.png,/share_graphics/original/missing.png
https://s3.amazonaws.com/toolkit.afscme.org/dev/9_house_brandon/documents/original/447.pdf,https://s3.amazonaws.com/toolkit.afscme.org/dev/9_house_brandon/documents/original/447_thumb.png,/share_graphics/original/missing.png
https://s3.amazonaws.com/toolkit.afscme.org/dev/63_kazanas_alexander/documents/original/448.pdf,https://s3.amazonaws.com/toolkit.afscme.org/dev/63_kazanas_alexander/documents/original/448_thumb.png,/share_graphics/original/missing.png
https://s3.amazonaws.com/toolkit.afscme.org/dev/63_kazanas_alexander/documents/original/449.pdf,https://s3.amazonaws.com/toolkit.afscme.org/dev/63_kazanas_alexander/documents/original/449_thumb.png,/share_graphics/original/missing.png
https://s3.amazonaws.com/toolkit.afscme.org/dev/64_interns_afscme/documents/original/450.pdf,https://s3.amazonaws.com/toolkit.afscme.org/dev/64_interns_afscme/documents/original/450_thumb.png,/share_graphics/original/missing.png
https://s3.amazonaws.com/toolkit.afscme.org/dev/63_kazanas_alexander/documents/original/451.pdf,https://s3.amazonaws.com/toolkit.afscme.org/dev/63_kazanas_alexander/documents/original/451_thumb.png,/share_graphics/original/missing.png
https://s3.amazonaws.com/toolkit.afscme.org/dev/63_kazanas_alexander/documents/original/452.pdf,https://s3.amazonaws.com/toolkit.afscme.org/dev/63_kazanas_alexander/documents/original/452_thumb.png,/share_graphics/original/missing.png
https://s3.amazonaws.com/toolkit.afscme.org/dev/64_interns_afscme/documents/original/453.pdf,https://s3.amazonaws.com/toolkit.afscme.org/dev/64_interns_afscme/documents/original/453_thumb.png,/share_graphics/original/missing.png
https://s3.amazonaws.com/toolkit.afscme.org/dev/9_house_brandon/documents/original/454.pdf,https://s3.amazonaws.com/toolkit.afscme.org/dev/9_house_brandon/documents/original/454_thumb.png,/share_graphics/original/missing.png
https://s3.amazonaws.com/toolkit.afscme.org/dev/9_house_brandon/documents/original/455.pdf,https://s3.amazonaws.com/toolkit.afscme.org/dev/9_house_brandon/documents/original/455_thumb.png,/share_graphics/original/missing.png
https://s3.amazonaws.com/toolkit.afscme.org/dev/63_kazanas_alexander/documents/original/456.pdf,https://s3.amazonaws.com/toolkit.afscme.org/dev/63_kazanas_alexander/documents/original/456_thumb.png,/share_graphics/original/missing.png
https://s3.amazonaws.com/toolkit.afscme.org/dev/63_kazanas_alexander/documents/original/457.pdf,https://s3.amazonaws.com/toolkit.afscme.org/dev/63_kazanas_alexander/documents/original/457_thumb.png,/share_graphics/original/missing.png
https://s3.amazonaws.com/toolkit.afscme.org/dev/63_kazanas_alexander/documents/original/458.pdf,https://s3.amazonaws.com/toolkit.afscme.org/dev/63_kazanas_alexander/documents/original/458_thumb.png,/share_graphics/original/missing.png
https://s3.amazonaws.com/toolkit.afscme.org/dev/63_kazanas_alexander/documents/original/459.pdf,https://s3.amazonaws.com/toolkit.afscme.org/dev/63_kazanas_alexander/documents/original/459_thumb.png,/share_graphics/original/missing.png
https://s3.amazonaws.com/toolkit.afscme.org/dev/63_kazanas_alexander/documents/original/460.pdf,https://s3.amazonaws.com/toolkit.afscme.org/dev/63_kazanas_alexander/documents/original/460_thumb.png,/share_graphics/original/missing.png
https://s3.amazonaws.com/toolkit.afscme.org/dev/63_kazanas_alexander/documents/original/461.pdf,https://s3.amazonaws.com/toolkit.afscme.org/dev/63_kazanas_alexander/documents/original/461_thumb.png,/share_graphics/original/missing.png
/pdfs/original/missing.png,/thumbnails/original/missing.png,/share_graphics/original/missing.png
https://s3.amazonaws.com/toolkit.afscme.org/dev/63_kazanas_alexander/documents/original/463.pdf,https://s3.amazonaws.com/toolkit.afscme.org/dev/63_kazanas_alexander/documents/original/463_thumb.png,/share_graphics/original/missing.png
https://s3.amazonaws.com/toolkit.afscme.org/dev/63_kazanas_alexander/documents/original/464.pdf,https://s3.amazonaws.com/toolkit.afscme.org/dev/63_kazanas_alexander/documents/original/464_thumb.png,/share_graphics/original/missing.png
https://s3.amazonaws.com/toolkit.afscme.org/dev/63_kazanas_alexander/documents/original/465.pdf,https://s3.amazonaws.com/toolkit.afscme.org/dev/63_kazanas_alexander/documents/original/465_thumb.png,/share_graphics/original/missing.png
https://s3.amazonaws.com/toolkit.afscme.org/dev/9_house_brandon/documents/original/466.pdf,https://s3.amazonaws.com/toolkit.afscme.org/dev/9_house_brandon/documents/original/466_thumb.png,/share_graphics/original/missing.png
https://s3.amazonaws.com/toolkit.afscme.org/dev/9_house_brandon/documents/original/467.pdf,https://s3.amazonaws.com/toolkit.afscme.org/dev/9_house_brandon/documents/original/467_thumb.png,/share_graphics/original/missing.png
https://s3.amazonaws.com/toolkit.afscme.org/dev/9_house_brandon/documents/original/468.pdf,https://s3.amazonaws.com/toolkit.afscme.org/dev/9_house_brandon/documents/original/468_thumb.png,/share_graphics/original/missing.png
https://s3.amazonaws.com/toolkit.afscme.org/dev/1_trost_jarred/documents/original/469.pdf,https://s3.amazonaws.com/toolkit.afscme.org/dev/1_trost_jarred/documents/original/469_thumb.png,/share_graphics/original/missing.png
https://s3.amazonaws.com/toolkit.afscme.org/dev/1_trost_jarred/documents/original/470.pdf,https://s3.amazonaws.com/toolkit.afscme.org/dev/1_trost_jarred/documents/original/470_thumb.png,/share_graphics/original/missing.png
https://s3.amazonaws.com/toolkit.afscme.org/dev/9_house_brandon/documents/original/471.pdf,https://s3.amazonaws.com/toolkit.afscme.org/dev/9_house_brandon/documents/original/471_thumb.png,/share_graphics/original/missing.png
https://s3.amazonaws.com/toolkit.afscme.org/dev/63_kazanas_alexander/documents/original/472.pdf,https://s3.amazonaws.com/toolkit.afscme.org/dev/63_kazanas_alexander/documents/original/472_thumb.png,/share_graphics/original/missing.png
https://s3.amazonaws.com/toolkit.afscme.org/dev/63_kazanas_alexander/documents/original/473.pdf,https://s3.amazonaws.com/toolkit.afscme.org/dev/63_kazanas_alexander/documents/original/473_thumb.png,/share_graphics/original/missing.png
