https://s3.amazonaws.com/toolkit.afscme.org/dev/5_ramon_yanik/images/original/Screen_Shot_2016-12-15_at_1.04.07_PM.png,https://s3.amazonaws.com/toolkit.afscme.org/dev/5_ramon_yanik/images/cropped/Screen_Shot_2016-12-15_at_1.04.07_PM.png
https://s3.amazonaws.com/toolkit.afscme.org/dev/8_trost_jarred/images/original/robot2.png,https://s3.amazonaws.com/toolkit.afscme.org/dev/8_trost_jarred/images/cropped/robot2.png
https://s3.amazonaws.com/toolkit.afscme.org/dev/9_house_brandon/images/original/antron-hat.jpg,https://s3.amazonaws.com/toolkit.afscme.org/dev/9_house_brandon/images/cropped/antron-hat.jpg
https://s3.amazonaws.com/toolkit.afscme.org/dev/6_carvalho_mike/images/original/patricia-flowers.jpg,https://s3.amazonaws.com/toolkit.afscme.org/dev/6_carvalho_mike/images/cropped/patricia-flowers.jpg
https://s3.amazonaws.com/toolkit.afscme.org/dev/11_delucio_rick/images/original/affiliate-logo.jpg,https://s3.amazonaws.com/toolkit.afscme.org/dev/11_delucio_rick/images/cropped/affiliate-logo.jpg
https://s3.amazonaws.com/toolkit.afscme.org/dev/11_delucio_rick/images/original/headshot.jpg,https://s3.amazonaws.com/toolkit.afscme.org/dev/11_delucio_rick/images/cropped/headshot.jpg
https://s3.amazonaws.com/toolkit.afscme.org/dev/9_house_brandon/images/original/verizon-foundation.png,https://s3.amazonaws.com/toolkit.afscme.org/dev/9_house_brandon/images/cropped/verizon-foundation.png
https://s3.amazonaws.com/toolkit.afscme.org/dev/9_house_brandon/images/original/Allstate.jpeg,https://s3.amazonaws.com/toolkit.afscme.org/dev/9_house_brandon/images/cropped/Allstate.jpeg
https://s3.amazonaws.com/toolkit.afscme.org/dev/4_hendrick_amy/images/original/Screen_Shot_2017-03-08_at_8.39.32_PM.png,https://s3.amazonaws.com/toolkit.afscme.org/dev/4_hendrick_amy/images/cropped/Screen_Shot_2017-03-08_at_8.39.32_PM.png
https://s3.amazonaws.com/toolkit.afscme.org/dev/4_hendrick_amy/images/original/Screen_Shot_2017-03-06_at_1.16.27_PM.png,https://s3.amazonaws.com/toolkit.afscme.org/dev/4_hendrick_amy/images/cropped/Screen_Shot_2017-03-06_at_1.16.27_PM.png
https://s3.amazonaws.com/toolkit.afscme.org/dev/9_house_brandon/images/original/john-williams.jpg,https://s3.amazonaws.com/toolkit.afscme.org/dev/9_house_brandon/images/cropped/john-williams.jpg
https://s3.amazonaws.com/toolkit.afscme.org/dev/16_pennebaker_erik/images/original/robot1.png,https://s3.amazonaws.com/toolkit.afscme.org/dev/16_pennebaker_erik/images/cropped/robot1.png
https://s3.amazonaws.com/toolkit.afscme.org/dev/16_pennebaker_erik/images/original/robot3.png,https://s3.amazonaws.com/toolkit.afscme.org/dev/16_pennebaker_erik/images/cropped/robot3.png
https://s3.amazonaws.com/toolkit.afscme.org/dev/16_pennebaker_erik/images/original/robot2.png,https://s3.amazonaws.com/toolkit.afscme.org/dev/16_pennebaker_erik/images/cropped/robot2.png
https://s3.amazonaws.com/toolkit.afscme.org/dev/9_house_brandon/images/original/denise-castillo-dell-isola.jpg,https://s3.amazonaws.com/toolkit.afscme.org/dev/9_house_brandon/images/cropped/denise-castillo-dell-isola.jpg
https://s3.amazonaws.com/toolkit.afscme.org/dev/3_stearns_randy/images/original/Kenneth_DiPerna_2.docx_2_.jpg,https://s3.amazonaws.com/toolkit.afscme.org/dev/3_stearns_randy/images/cropped/Kenneth_DiPerna_2.docx_2_.jpg
https://s3.amazonaws.com/toolkit.afscme.org/dev/2_gutowski_timothy/images/original/ben-2015-travel-memorial-day-tourney-1.JPG,https://s3.amazonaws.com/toolkit.afscme.org/dev/2_gutowski_timothy/images/cropped/ben-2015-travel-memorial-day-tourney-1.JPG
https://s3.amazonaws.com/toolkit.afscme.org/dev/2_gutowski_timothy/images/original/for-cropping.jpg,https://s3.amazonaws.com/toolkit.afscme.org/dev/2_gutowski_timothy/images/cropped/for-cropping.jpg
https://s3.amazonaws.com/toolkit.afscme.org/dev/9_house_brandon/images/original/CPDStackedLogotype_WebBlue.png,https://s3.amazonaws.com/toolkit.afscme.org/dev/9_house_brandon/images/cropped/CPDStackedLogotype_WebBlue.png
https://s3.amazonaws.com/toolkit.afscme.org/dev/9_house_brandon/images/original/kandace-thomas.jpg,https://s3.amazonaws.com/toolkit.afscme.org/dev/9_house_brandon/images/cropped/kandace-thomas.jpg
https://s3.amazonaws.com/toolkit.afscme.org/dev/3_stearns_randy/images/original/20160608_AFSCME00382.JPG,https://s3.amazonaws.com/toolkit.afscme.org/dev/3_stearns_randy/images/cropped/20160608_AFSCME00382.JPG
https://s3.amazonaws.com/toolkit.afscme.org/dev/2_gutowski_timothy/images/original/ben-rsvp.jpg,https://s3.amazonaws.com/toolkit.afscme.org/dev/2_gutowski_timothy/images/cropped/ben-rsvp.jpg
https://s3.amazonaws.com/toolkit.afscme.org/dev/2_gutowski_timothy/images/original/testing.jpg,https://s3.amazonaws.com/toolkit.afscme.org/dev/2_gutowski_timothy/images/cropped/testing.jpg
https://s3.amazonaws.com/toolkit.afscme.org/dev/3_stearns_randy/images/original/AFSCME.KhalidiNaji-Allah-1346.jpg,https://s3.amazonaws.com/toolkit.afscme.org/dev/3_stearns_randy/images/cropped/AFSCME.KhalidiNaji-Allah-1346.jpg
https://s3.amazonaws.com/toolkit.afscme.org/dev/3_stearns_randy/images/original/logo-retirees.png,https://s3.amazonaws.com/toolkit.afscme.org/dev/3_stearns_randy/images/cropped/logo-retirees.png
https://s3.amazonaws.com/toolkit.afscme.org/dev/3_stearns_randy/images/original/logo-una.png,https://s3.amazonaws.com/toolkit.afscme.org/dev/3_stearns_randy/images/cropped/logo-una.png
https://s3.amazonaws.com/toolkit.afscme.org/dev/9_house_brandon/images/original/we-never-quit-numbered.jpg,https://s3.amazonaws.com/toolkit.afscme.org/dev/9_house_brandon/images/cropped/we-never-quit-numbered.jpg
https://s3.amazonaws.com/toolkit.afscme.org/dev/3_stearns_randy/images/original/logo-next-wave.png,https://s3.amazonaws.com/toolkit.afscme.org/dev/3_stearns_randy/images/cropped/logo-next-wave.png
https://s3.amazonaws.com/toolkit.afscme.org/dev/3_stearns_randy/images/original/logo-acu.png,https://s3.amazonaws.com/toolkit.afscme.org/dev/3_stearns_randy/images/cropped/logo-acu.png
https://s3.amazonaws.com/toolkit.afscme.org/dev/9_house_brandon/images/original/009-17-Sector-Specific-Member-Benefits-Flyer_PEU_15321_.jpg,https://s3.amazonaws.com/toolkit.afscme.org/dev/9_house_brandon/images/cropped/009-17-Sector-Specific-Member-Benefits-Flyer_PEU_15321_.jpg
https://s3.amazonaws.com/toolkit.afscme.org/dev/3_stearns_randy/images/original/afscme-stands-poster-photo.png,https://s3.amazonaws.com/toolkit.afscme.org/dev/3_stearns_randy/images/cropped/afscme-stands-poster-photo.png
https://s3.amazonaws.com/toolkit.afscme.org/dev/3_stearns_randy/images/original/logo-public-safety.png,https://s3.amazonaws.com/toolkit.afscme.org/dev/3_stearns_randy/images/cropped/logo-public-safety.png
https://s3.amazonaws.com/toolkit.afscme.org/dev/9_house_brandon/images/original/Investigation_discovery_us_hd.png,https://s3.amazonaws.com/toolkit.afscme.org/dev/9_house_brandon/images/cropped/Investigation_discovery_us_hd.png
https://s3.amazonaws.com/toolkit.afscme.org/dev/9_house_brandon/images/original/1706-08423.JPG,https://s3.amazonaws.com/toolkit.afscme.org/dev/9_house_brandon/images/cropped/1706-08423.JPG
https://s3.amazonaws.com/toolkit.afscme.org/dev/9_house_brandon/images/original/gregory-tate.jpg,https://s3.amazonaws.com/toolkit.afscme.org/dev/9_house_brandon/images/cropped/gregory-tate.jpg
https://s3.amazonaws.com/toolkit.afscme.org/dev/3_stearns_randy/images/original/Kiran_Bal_057.JPG,https://s3.amazonaws.com/toolkit.afscme.org/dev/3_stearns_randy/images/cropped/Kiran_Bal_057.JPG
https://s3.amazonaws.com/toolkit.afscme.org/dev/3_stearns_randy/images/original/AFSCME.KhalidiNaji-Allah-1384.jpg,https://s3.amazonaws.com/toolkit.afscme.org/dev/3_stearns_randy/images/cropped/AFSCME.KhalidiNaji-Allah-1384.jpg
https://s3.amazonaws.com/toolkit.afscme.org/dev/3_stearns_randy/images/original/20160608_AFSCME00406.JPG,https://s3.amazonaws.com/toolkit.afscme.org/dev/3_stearns_randy/images/cropped/20160608_AFSCME00406.JPG
https://s3.amazonaws.com/toolkit.afscme.org/dev/3_stearns_randy/images/original/Kiran_Bal_4288x2848.JPG,https://s3.amazonaws.com/toolkit.afscme.org/dev/3_stearns_randy/images/cropped/Kiran_Bal_4288x2848.JPG
https://s3.amazonaws.com/toolkit.afscme.org/dev/3_stearns_randy/images/original/Kiran_Bal_3430x2278.jpg,https://s3.amazonaws.com/toolkit.afscme.org/dev/3_stearns_randy/images/cropped/Kiran_Bal_3430x2278.jpg
https://s3.amazonaws.com/toolkit.afscme.org/dev/2_gutowski_timothy/images/original/teacher-image-16.jpg,https://s3.amazonaws.com/toolkit.afscme.org/dev/2_gutowski_timothy/images/cropped/teacher-image-16.jpg
https://s3.amazonaws.com/toolkit.afscme.org/dev/3_stearns_randy/images/original/disparities.jpg,https://s3.amazonaws.com/toolkit.afscme.org/dev/3_stearns_randy/images/cropped/disparities.jpg
https://s3.amazonaws.com/toolkit.afscme.org/dev/9_house_brandon/images/original/AFSCME_Retirees_Logo_Redesign_FINAL_National_Logo_full_color.png,https://s3.amazonaws.com/toolkit.afscme.org/dev/9_house_brandon/images/cropped/AFSCME_Retirees_Logo_Redesign_FINAL_National_Logo_full_color.png
https://s3.amazonaws.com/toolkit.afscme.org/dev/2_gutowski_timothy/images/original/ellas-bday.jpeg,https://s3.amazonaws.com/toolkit.afscme.org/dev/2_gutowski_timothy/images/cropped/ellas-bday.jpeg
https://s3.amazonaws.com/toolkit.afscme.org/dev/18_user_test/images/original/teacher-image-12.jpg,https://s3.amazonaws.com/toolkit.afscme.org/dev/18_user_test/images/cropped/teacher-image-12.jpg
https://s3.amazonaws.com/toolkit.afscme.org/dev/18_user_test/images/original/7895614-Construction-worker-with-hard-hat-and-under-construction-sign-Stock-Vector.jpg,https://s3.amazonaws.com/toolkit.afscme.org/dev/18_user_test/images/cropped/7895614-Construction-worker-with-hard-hat-and-under-construction-sign-Stock-Vector.jpg
https://s3.amazonaws.com/toolkit.afscme.org/dev/19_vetter_test/images/original/teacher-image-10.jpg,https://s3.amazonaws.com/toolkit.afscme.org/dev/19_vetter_test/images/cropped/teacher-image-10.jpg
https://s3.amazonaws.com/toolkit.afscme.org/dev/2_gutowski_timothy/images/original/Kiran_Bal_899x597.jpg,https://s3.amazonaws.com/toolkit.afscme.org/dev/2_gutowski_timothy/images/cropped/Kiran_Bal_899x597.jpg
https://s3.amazonaws.com/toolkit.afscme.org/dev/2_gutowski_timothy/images/original/teacher-image-10.jpg,https://s3.amazonaws.com/toolkit.afscme.org/dev/2_gutowski_timothy/images/cropped/teacher-image-10.jpg
https://s3.amazonaws.com/toolkit.afscme.org/dev/2_gutowski_timothy/images/original/Kiran_Bal_2744x1822.jpg,https://s3.amazonaws.com/toolkit.afscme.org/dev/2_gutowski_timothy/images/cropped/Kiran_Bal_2744x1822.jpg
https://s3.amazonaws.com/toolkit.afscme.org/dev/2_gutowski_timothy/images/original/ella-nyc.jpg,https://s3.amazonaws.com/toolkit.afscme.org/dev/2_gutowski_timothy/images/cropped/ella-nyc.jpg
https://s3.amazonaws.com/toolkit.afscme.org/dev/2_gutowski_timothy/images/original/20160828_134115.jpg,https://s3.amazonaws.com/toolkit.afscme.org/dev/2_gutowski_timothy/images/cropped/20160828_134115.jpg
https://s3.amazonaws.com/toolkit.afscme.org/dev/2_gutowski_timothy/images/original/ed-kaela-ben-unionpier.JPG,https://s3.amazonaws.com/toolkit.afscme.org/dev/2_gutowski_timothy/images/cropped/ed-kaela-ben-unionpier.JPG
https://s3.amazonaws.com/toolkit.afscme.org/dev/2_gutowski_timothy/images/original/20160717_160232.jpg,https://s3.amazonaws.com/toolkit.afscme.org/dev/2_gutowski_timothy/images/cropped/20160717_160232.jpg
https://s3.amazonaws.com/toolkit.afscme.org/dev/3_stearns_randy/images/original/MN.Corrections_Officer.Mike_Keapproth.tif,https://s3.amazonaws.com/toolkit.afscme.org/dev/3_stearns_randy/images/cropped/MN.Corrections_Officer.Mike_Keapproth.tif
https://s3.amazonaws.com/toolkit.afscme.org/dev/3_stearns_randy/images/original/childcarewkr04DaBa2019.jpg,https://s3.amazonaws.com/toolkit.afscme.org/dev/3_stearns_randy/images/cropped/childcarewkr04DaBa2019.jpg
https://s3.amazonaws.com/toolkit.afscme.org/dev/3_stearns_randy/images/original/AP_285189526756%281%29.jpg,https://s3.amazonaws.com/toolkit.afscme.org/dev/3_stearns_randy/images/cropped/AP_285189526756%281%29.jpg
https://s3.amazonaws.com/toolkit.afscme.org/dev/3_stearns_randy/images/original/IMG_0522.JPG,https://s3.amazonaws.com/toolkit.afscme.org/dev/3_stearns_randy/images/cropped/IMG_0522.JPG
https://s3.amazonaws.com/toolkit.afscme.org/dev/3_stearns_randy/images/original/Brandon_House_2.jpg,https://s3.amazonaws.com/toolkit.afscme.org/dev/3_stearns_randy/images/cropped/Brandon_House_2.jpg
https://s3.amazonaws.com/toolkit.afscme.org/dev/3_stearns_randy/images/original/Brent_Blackaby.jpg,https://s3.amazonaws.com/toolkit.afscme.org/dev/3_stearns_randy/images/cropped/Brent_Blackaby.jpg
https://s3.amazonaws.com/toolkit.afscme.org/dev/3_stearns_randy/images/original/Harry_Rube.jpg,https://s3.amazonaws.com/toolkit.afscme.org/dev/3_stearns_randy/images/cropped/Harry_Rube.jpg
https://s3.amazonaws.com/toolkit.afscme.org/dev/4_hendrick_amy/images/original/18673299_1418782578160429_955789264347074000_o.jpg,https://s3.amazonaws.com/toolkit.afscme.org/dev/4_hendrick_amy/images/cropped/18673299_1418782578160429_955789264347074000_o.jpg
https://s3.amazonaws.com/toolkit.afscme.org/dev/4_hendrick_amy/images/original/DSC_0149_%28Copy%29.jpg,https://s3.amazonaws.com/toolkit.afscme.org/dev/4_hendrick_amy/images/cropped/DSC_0149_%28Copy%29.jpg
https://s3.amazonaws.com/toolkit.afscme.org/dev/29_stremsterfer_jonathan/images/original/A0122756b.jpg,https://s3.amazonaws.com/toolkit.afscme.org/dev/29_stremsterfer_jonathan/images/cropped/A0122756b.jpg
https://s3.amazonaws.com/toolkit.afscme.org/dev/9_house_brandon/images/original/sector-specfic-numbered.jpg,https://s3.amazonaws.com/toolkit.afscme.org/dev/9_house_brandon/images/cropped/sector-specfic-numbered.jpg
https://s3.amazonaws.com/toolkit.afscme.org/dev/9_house_brandon/images/original/wufm-slide.jpg,https://s3.amazonaws.com/toolkit.afscme.org/dev/9_house_brandon/images/cropped/wufm-slide.jpg
https://s3.amazonaws.com/toolkit.afscme.org/dev/9_house_brandon/images/original/NFC_CHAMPIONSHIP_CS_FALCONS_PACKERS_01222017_-20_-_Copy.jpg,https://s3.amazonaws.com/toolkit.afscme.org/dev/9_house_brandon/images/cropped/NFC_CHAMPIONSHIP_CS_FALCONS_PACKERS_01222017_-20_-_Copy.jpg
https://s3.amazonaws.com/toolkit.afscme.org/dev/2_gutowski_timothy/images/original/20160818_160713.jpg,https://s3.amazonaws.com/toolkit.afscme.org/dev/2_gutowski_timothy/images/cropped/20160818_160713.jpg
https://s3.amazonaws.com/toolkit.afscme.org/dev/9_house_brandon/images/original/NFC_CHAMPIONSHIP_CS_FALCONS_PACKERS_01222017_-19.jpg,https://s3.amazonaws.com/toolkit.afscme.org/dev/9_house_brandon/images/cropped/NFC_CHAMPIONSHIP_CS_FALCONS_PACKERS_01222017_-19.jpg
https://s3.amazonaws.com/toolkit.afscme.org/dev/9_house_brandon/images/original/al.jpg,https://s3.amazonaws.com/toolkit.afscme.org/dev/9_house_brandon/images/cropped/al.jpg
https://s3.amazonaws.com/toolkit.afscme.org/dev/9_house_brandon/images/original/az.jpg,https://s3.amazonaws.com/toolkit.afscme.org/dev/9_house_brandon/images/cropped/az.jpg
https://s3.amazonaws.com/toolkit.afscme.org/dev/9_house_brandon/images/original/or.jpg,https://s3.amazonaws.com/toolkit.afscme.org/dev/9_house_brandon/images/cropped/or.jpg
https://s3.amazonaws.com/toolkit.afscme.org/dev/9_house_brandon/images/original/mt.jpg,https://s3.amazonaws.com/toolkit.afscme.org/dev/9_house_brandon/images/cropped/mt.jpg
https://s3.amazonaws.com/toolkit.afscme.org/dev/9_house_brandon/images/original/hero.jpg,https://s3.amazonaws.com/toolkit.afscme.org/dev/9_house_brandon/images/cropped/hero.jpg
https://s3.amazonaws.com/toolkit.afscme.org/dev/9_house_brandon/images/original/twitter-card.jpg,https://s3.amazonaws.com/toolkit.afscme.org/dev/9_house_brandon/images/cropped/twitter-card.jpg
https://s3.amazonaws.com/toolkit.afscme.org/dev/9_house_brandon/images/original/facebook-og.jpg,https://s3.amazonaws.com/toolkit.afscme.org/dev/9_house_brandon/images/cropped/facebook-og.jpg
https://s3.amazonaws.com/toolkit.afscme.org/dev/2_gutowski_timothy/images/original/teacher-image-13.jpg,https://s3.amazonaws.com/toolkit.afscme.org/dev/2_gutowski_timothy/images/cropped/teacher-image-13.jpg
https://s3.amazonaws.com/toolkit.afscme.org/dev/9_house_brandon/images/original/approach-services.jpg,https://s3.amazonaws.com/toolkit.afscme.org/dev/9_house_brandon/images/cropped/approach-services.jpg
https://s3.amazonaws.com/toolkit.afscme.org/dev/9_house_brandon/images/original/Brian-Sisolak-1.JPG,https://s3.amazonaws.com/toolkit.afscme.org/dev/9_house_brandon/images/cropped/Brian-Sisolak-1.JPG
https://s3.amazonaws.com/toolkit.afscme.org/dev/2_gutowski_timothy/images/original/sesh.jpeg,https://s3.amazonaws.com/toolkit.afscme.org/dev/2_gutowski_timothy/images/cropped/sesh.jpeg
https://s3.amazonaws.com/toolkit.afscme.org/dev/2_gutowski_timothy/images/original/wayback.jpeg,https://s3.amazonaws.com/toolkit.afscme.org/dev/2_gutowski_timothy/images/cropped/wayback.jpeg
https://s3.amazonaws.com/toolkit.afscme.org/dev/3_stearns_randy/images/original/iStock_000060296870_Full.jpg,https://s3.amazonaws.com/toolkit.afscme.org/dev/3_stearns_randy/images/cropped/iStock_000060296870_Full.jpg
https://s3.amazonaws.com/toolkit.afscme.org/dev/2_gutowski_timothy/images/original/Cooperstown-1185.jpg,https://s3.amazonaws.com/toolkit.afscme.org/dev/2_gutowski_timothy/images/cropped/Cooperstown-1185.jpg
https://s3.amazonaws.com/toolkit.afscme.org/dev/2_gutowski_timothy/images/original/ben-pitching.jpg,https://s3.amazonaws.com/toolkit.afscme.org/dev/2_gutowski_timothy/images/cropped/ben-pitching.jpg
https://s3.amazonaws.com/toolkit.afscme.org/dev/3_stearns_randy/images/original/Retail_3.jpg,https://s3.amazonaws.com/toolkit.afscme.org/dev/3_stearns_randy/images/cropped/Retail_3.jpg
https://s3.amazonaws.com/toolkit.afscme.org/dev/2_gutowski_timothy/images/original/ella-jamie.jpg,https://s3.amazonaws.com/toolkit.afscme.org/dev/2_gutowski_timothy/images/cropped/ella-jamie.jpg
https://s3.amazonaws.com/toolkit.afscme.org/dev/2_gutowski_timothy/images/original/ella-softball-team-2.JPG,https://s3.amazonaws.com/toolkit.afscme.org/dev/2_gutowski_timothy/images/cropped/ella-softball-team-2.JPG
https://s3.amazonaws.com/toolkit.afscme.org/dev/3_stearns_randy/images/original/Oregon_3.jpg,https://s3.amazonaws.com/toolkit.afscme.org/dev/3_stearns_randy/images/cropped/Oregon_3.jpg
https://s3.amazonaws.com/toolkit.afscme.org/dev/2_gutowski_timothy/images/original/living-momo-3.jpeg,https://s3.amazonaws.com/toolkit.afscme.org/dev/2_gutowski_timothy/images/cropped/living-momo-3.jpeg
https://s3.amazonaws.com/toolkit.afscme.org/dev/9_house_brandon/images/original/Chad_Stanhope.jpg,https://s3.amazonaws.com/toolkit.afscme.org/dev/9_house_brandon/images/cropped/Chad_Stanhope.jpg
https://s3.amazonaws.com/toolkit.afscme.org/dev/9_house_brandon/images/original/Charles-Azumie.jpg,https://s3.amazonaws.com/toolkit.afscme.org/dev/9_house_brandon/images/cropped/Charles-Azumie.jpg
https://s3.amazonaws.com/toolkit.afscme.org/dev/9_house_brandon/images/original/Liz_Kuehl_1.jpg,https://s3.amazonaws.com/toolkit.afscme.org/dev/9_house_brandon/images/cropped/Liz_Kuehl_1.jpg
https://s3.amazonaws.com/toolkit.afscme.org/dev/9_house_brandon/images/original/Rick_DeLucio_1.jpg,https://s3.amazonaws.com/toolkit.afscme.org/dev/9_house_brandon/images/cropped/Rick_DeLucio_1.jpg
https://s3.amazonaws.com/toolkit.afscme.org/dev/9_house_brandon/images/original/Brian-Sisolak-2.JPG,https://s3.amazonaws.com/toolkit.afscme.org/dev/9_house_brandon/images/cropped/Brian-Sisolak-2.JPG
https://s3.amazonaws.com/toolkit.afscme.org/dev/9_house_brandon/images/original/Lily_Hiott-Millis.jpg,https://s3.amazonaws.com/toolkit.afscme.org/dev/9_house_brandon/images/cropped/Lily_Hiott-Millis.jpg
https://s3.amazonaws.com/toolkit.afscme.org/dev/9_house_brandon/images/original/Larry_Huynh_3.jpg,https://s3.amazonaws.com/toolkit.afscme.org/dev/9_house_brandon/images/cropped/Larry_Huynh_3.jpg
https://s3.amazonaws.com/toolkit.afscme.org/dev/9_house_brandon/images/original/Emma_Burnett.jpg,https://s3.amazonaws.com/toolkit.afscme.org/dev/9_house_brandon/images/cropped/Emma_Burnett.jpg
https://s3.amazonaws.com/toolkit.afscme.org/dev/9_house_brandon/images/original/Tim_Gutowski_2.jpg,https://s3.amazonaws.com/toolkit.afscme.org/dev/9_house_brandon/images/cropped/Tim_Gutowski_2.jpg
https://s3.amazonaws.com/toolkit.afscme.org/dev/9_house_brandon/images/original/Ross_Nelson.jpg,https://s3.amazonaws.com/toolkit.afscme.org/dev/9_house_brandon/images/cropped/Ross_Nelson.jpg
https://s3.amazonaws.com/toolkit.afscme.org/dev/9_house_brandon/images/original/Stacey_Bashara_1.jpg,https://s3.amazonaws.com/toolkit.afscme.org/dev/9_house_brandon/images/cropped/Stacey_Bashara_1.jpg
https://s3.amazonaws.com/toolkit.afscme.org/dev/9_house_brandon/images/original/Larry_Huynh_1.JPG,https://s3.amazonaws.com/toolkit.afscme.org/dev/9_house_brandon/images/cropped/Larry_Huynh_1.JPG
https://s3.amazonaws.com/toolkit.afscme.org/dev/9_house_brandon/images/original/Jake-Levy-Pollans.jpg,https://s3.amazonaws.com/toolkit.afscme.org/dev/9_house_brandon/images/cropped/Jake-Levy-Pollans.jpg
https://s3.amazonaws.com/toolkit.afscme.org/dev/3_stearns_randy/images/original/Employer.jpg,https://s3.amazonaws.com/toolkit.afscme.org/dev/3_stearns_randy/images/cropped/Employer.jpg
https://s3.amazonaws.com/toolkit.afscme.org/dev/9_house_brandon/images/original/Mike_Disharoon_5.jpg,https://s3.amazonaws.com/toolkit.afscme.org/dev/9_house_brandon/images/cropped/Mike_Disharoon_5.jpg
https://s3.amazonaws.com/toolkit.afscme.org/dev/9_house_brandon/images/original/Anastasia_Golovashkina.jpg,https://s3.amazonaws.com/toolkit.afscme.org/dev/9_house_brandon/images/cropped/Anastasia_Golovashkina.jpg
https://s3.amazonaws.com/toolkit.afscme.org/dev/9_house_brandon/images/original/Doug_Krehbel_2.jpg,https://s3.amazonaws.com/toolkit.afscme.org/dev/9_house_brandon/images/cropped/Doug_Krehbel_2.jpg
https://s3.amazonaws.com/toolkit.afscme.org/dev/9_house_brandon/images/original/IMG_9072.JPG,https://s3.amazonaws.com/toolkit.afscme.org/dev/9_house_brandon/images/cropped/IMG_9072.JPG
https://s3.amazonaws.com/toolkit.afscme.org/dev/9_house_brandon/images/original/image.jpg,https://s3.amazonaws.com/toolkit.afscme.org/dev/9_house_brandon/images/cropped/image.jpg
https://s3.amazonaws.com/toolkit.afscme.org/dev/9_house_brandon/images/original/Brian_O'Grady_3.jpg,https://s3.amazonaws.com/toolkit.afscme.org/dev/9_house_brandon/images/cropped/Brian_O'Grady_3.jpg
https://s3.amazonaws.com/toolkit.afscme.org/dev/4_hendrick_amy/images/original/A0122756b.jpg,https://s3.amazonaws.com/toolkit.afscme.org/dev/4_hendrick_amy/images/cropped/A0122756b.jpg
https://s3.amazonaws.com/toolkit.afscme.org/dev/4_hendrick_amy/images/original/Donald_Trump_official_portrait.jpg,https://s3.amazonaws.com/toolkit.afscme.org/dev/4_hendrick_amy/images/cropped/Donald_Trump_official_portrait.jpg
https://s3.amazonaws.com/toolkit.afscme.org/dev/4_hendrick_amy/images/original/201702-ellul.jpg,https://s3.amazonaws.com/toolkit.afscme.org/dev/4_hendrick_amy/images/cropped/201702-ellul.jpg
https://s3.amazonaws.com/toolkit.afscme.org/dev/2_gutowski_timothy/images/original/ben-az-BM.jpg,https://s3.amazonaws.com/toolkit.afscme.org/dev/2_gutowski_timothy/images/cropped/ben-az-BM.jpg
https://s3.amazonaws.com/toolkit.afscme.org/dev/4_hendrick_amy/images/original/image.jpg,https://s3.amazonaws.com/toolkit.afscme.org/dev/4_hendrick_amy/images/cropped/image.jpg
https://s3.amazonaws.com/toolkit.afscme.org/dev/9_house_brandon/images/original/Zach_Wolfenbarger_1.jpg,https://s3.amazonaws.com/toolkit.afscme.org/dev/9_house_brandon/images/cropped/Zach_Wolfenbarger_1.jpg
https://s3.amazonaws.com/toolkit.afscme.org/dev/9_house_brandon/images/original/Christine_Gregory_1.jpg,https://s3.amazonaws.com/toolkit.afscme.org/dev/9_house_brandon/images/cropped/Christine_Gregory_1.jpg
https://s3.amazonaws.com/toolkit.afscme.org/dev/9_house_brandon/images/original/Chris_Fowler_2.jpg,https://s3.amazonaws.com/toolkit.afscme.org/dev/9_house_brandon/images/cropped/Chris_Fowler_2.jpg
https://s3.amazonaws.com/toolkit.afscme.org/dev/2_gutowski_timothy/images/original/ben-bio.tiff,https://s3.amazonaws.com/toolkit.afscme.org/dev/2_gutowski_timothy/images/cropped/ben-bio.tiff
https://s3.amazonaws.com/toolkit.afscme.org/dev/2_gutowski_timothy/images/original/20170513_152830.jpg,https://s3.amazonaws.com/toolkit.afscme.org/dev/2_gutowski_timothy/images/cropped/20170513_152830.jpg
https://s3.amazonaws.com/toolkit.afscme.org/dev/2_gutowski_timothy/images/original/hero-platform-heard.jpg,https://s3.amazonaws.com/toolkit.afscme.org/dev/2_gutowski_timothy/images/cropped/hero-platform-heard.jpg
https://s3.amazonaws.com/toolkit.afscme.org/dev/2_gutowski_timothy/images/original/ben-ella.jpg,https://s3.amazonaws.com/toolkit.afscme.org/dev/2_gutowski_timothy/images/cropped/ben-ella.jpg
https://s3.amazonaws.com/toolkit.afscme.org/dev/2_gutowski_timothy/images/original/mt-zion.jpeg,https://s3.amazonaws.com/toolkit.afscme.org/dev/2_gutowski_timothy/images/cropped/mt-zion.jpeg
https://s3.amazonaws.com/toolkit.afscme.org/dev/2_gutowski_timothy/images/original/20150915_202311.jpg,https://s3.amazonaws.com/toolkit.afscme.org/dev/2_gutowski_timothy/images/cropped/20150915_202311.jpg
https://s3.amazonaws.com/toolkit.afscme.org/dev/2_gutowski_timothy/images/original/20150821_191648.jpg,https://s3.amazonaws.com/toolkit.afscme.org/dev/2_gutowski_timothy/images/cropped/20150821_191648.jpg
https://s3.amazonaws.com/toolkit.afscme.org/dev/9_house_brandon/images/original/about-photo.jpg,https://s3.amazonaws.com/toolkit.afscme.org/dev/9_house_brandon/images/cropped/about-photo.jpg
https://s3.amazonaws.com/toolkit.afscme.org/dev/9_house_brandon/images/original/hero-image.jpg,https://s3.amazonaws.com/toolkit.afscme.org/dev/9_house_brandon/images/cropped/hero-image.jpg
https://s3.amazonaws.com/toolkit.afscme.org/dev/9_house_brandon/images/original/political-mailer-photo1.jpg,https://s3.amazonaws.com/toolkit.afscme.org/dev/9_house_brandon/images/cropped/political-mailer-photo1.jpg
https://s3.amazonaws.com/toolkit.afscme.org/dev/9_house_brandon/images/original/arts-culture.jpg,https://s3.amazonaws.com/toolkit.afscme.org/dev/9_house_brandon/images/cropped/arts-culture.jpg
https://s3.amazonaws.com/toolkit.afscme.org/dev/9_house_brandon/images/original/jewish-values.jpg,https://s3.amazonaws.com/toolkit.afscme.org/dev/9_house_brandon/images/cropped/jewish-values.jpg
https://s3.amazonaws.com/toolkit.afscme.org/dev/9_house_brandon/images/original/grantmaking.png,https://s3.amazonaws.com/toolkit.afscme.org/dev/9_house_brandon/images/cropped/grantmaking.png
https://s3.amazonaws.com/toolkit.afscme.org/dev/1_trost_jarred/images/original/monarch.png,https://s3.amazonaws.com/toolkit.afscme.org/dev/1_trost_jarred/images/cropped/monarch.png
https://s3.amazonaws.com/toolkit.afscme.org/dev/9_house_brandon/images/original/Lisa_Bergstrom.jpg,https://s3.amazonaws.com/toolkit.afscme.org/dev/9_house_brandon/images/cropped/Lisa_Bergstrom.jpg
https://s3.amazonaws.com/toolkit.afscme.org/dev/9_house_brandon/images/original/Jay_Haesly.jpg,https://s3.amazonaws.com/toolkit.afscme.org/dev/9_house_brandon/images/cropped/Jay_Haesly.jpg
https://s3.amazonaws.com/toolkit.afscme.org/dev/9_house_brandon/images/original/Brent_Blackaby_2.jpg,https://s3.amazonaws.com/toolkit.afscme.org/dev/9_house_brandon/images/cropped/Brent_Blackaby_2.jpg
https://s3.amazonaws.com/toolkit.afscme.org/dev/9_house_brandon/images/original/20140905-berkeley-office-IMG_6178.jpg,https://s3.amazonaws.com/toolkit.afscme.org/dev/9_house_brandon/images/cropped/20140905-berkeley-office-IMG_6178.jpg
https://s3.amazonaws.com/toolkit.afscme.org/dev/9_house_brandon/images/original/door-hanger-photo1.jpg,https://s3.amazonaws.com/toolkit.afscme.org/dev/9_house_brandon/images/cropped/door-hanger-photo1.jpg
https://s3.amazonaws.com/toolkit.afscme.org/dev/30_spandhla_tk/images/original/CON-1.42.png,https://s3.amazonaws.com/toolkit.afscme.org/dev/30_spandhla_tk/images/cropped/CON-1.42.png
https://s3.amazonaws.com/toolkit.afscme.org/dev/30_spandhla_tk/images/original/bus-driver-1.jpg,https://s3.amazonaws.com/toolkit.afscme.org/dev/30_spandhla_tk/images/cropped/bus-driver-1.jpg
https://s3.amazonaws.com/toolkit.afscme.org/dev/30_spandhla_tk/images/original/bus1a.jpg,https://s3.amazonaws.com/toolkit.afscme.org/dev/30_spandhla_tk/images/cropped/bus1a.jpg
https://s3.amazonaws.com/toolkit.afscme.org/dev/30_spandhla_tk/images/original/cf060346e1bf655f9fdcb6bc65abebf8.jpg,https://s3.amazonaws.com/toolkit.afscme.org/dev/30_spandhla_tk/images/cropped/cf060346e1bf655f9fdcb6bc65abebf8.jpg
https://s3.amazonaws.com/toolkit.afscme.org/dev/30_spandhla_tk/images/original/14campaign_600span.jpg,https://s3.amazonaws.com/toolkit.afscme.org/dev/30_spandhla_tk/images/cropped/14campaign_600span.jpg
https://s3.amazonaws.com/toolkit.afscme.org/dev/30_spandhla_tk/images/original/Iowa61.jpg,https://s3.amazonaws.com/toolkit.afscme.org/dev/30_spandhla_tk/images/cropped/Iowa61.jpg
https://s3.amazonaws.com/toolkit.afscme.org/dev/30_spandhla_tk/images/original/JOE_B.jpeg,https://s3.amazonaws.com/toolkit.afscme.org/dev/30_spandhla_tk/images/cropped/JOE_B.jpeg
https://s3.amazonaws.com/toolkit.afscme.org/dev/30_spandhla_tk/images/original/121002_biden_sexyback_605_ap.jpg,https://s3.amazonaws.com/toolkit.afscme.org/dev/30_spandhla_tk/images/cropped/121002_biden_sexyback_605_ap.jpg
https://s3.amazonaws.com/toolkit.afscme.org/dev/30_spandhla_tk/images/original/131102191757-01-joe-biden-horizontal-large-gallery.jpg,https://s3.amazonaws.com/toolkit.afscme.org/dev/30_spandhla_tk/images/cropped/131102191757-01-joe-biden-horizontal-large-gallery.jpg
https://s3.amazonaws.com/toolkit.afscme.org/dev/30_spandhla_tk/images/original/joe-biden-is-totally-wrong-about-corvettes-and-porsches.jpg,https://s3.amazonaws.com/toolkit.afscme.org/dev/30_spandhla_tk/images/cropped/joe-biden-is-totally-wrong-about-corvettes-and-porsches.jpg
https://s3.amazonaws.com/toolkit.afscme.org/dev/9_house_brandon/images/original/political-mailer-photo2.jpg,https://s3.amazonaws.com/toolkit.afscme.org/dev/9_house_brandon/images/cropped/political-mailer-photo2.jpg
https://s3.amazonaws.com/toolkit.afscme.org/dev/1_trost_jarred/images/original/teacher.jpeg,https://s3.amazonaws.com/toolkit.afscme.org/dev/1_trost_jarred/images/cropped/teacher.jpeg
https://s3.amazonaws.com/toolkit.afscme.org/dev/9_house_brandon/images/original/john-murphy.png,https://s3.amazonaws.com/toolkit.afscme.org/dev/9_house_brandon/images/cropped/john-murphy.png
https://s3.amazonaws.com/toolkit.afscme.org/dev/9_house_brandon/images/original/john-murphy-head.png,https://s3.amazonaws.com/toolkit.afscme.org/dev/9_house_brandon/images/cropped/john-murphy-head.png
https://s3.amazonaws.com/toolkit.afscme.org/dev/3_stearns_randy/images/original/2018Convention-WhatsYourStory.jpg,https://s3.amazonaws.com/toolkit.afscme.org/dev/3_stearns_randy/images/cropped/2018Convention-WhatsYourStory.jpg
https://s3.amazonaws.com/toolkit.afscme.org/dev/9_house_brandon/images/original/Philip_Murphy.jpg,https://s3.amazonaws.com/toolkit.afscme.org/dev/9_house_brandon/images/cropped/Philip_Murphy.jpg
https://s3.amazonaws.com/toolkit.afscme.org/dev/9_house_brandon/images/original/Kim_Guadagno.jpg,https://s3.amazonaws.com/toolkit.afscme.org/dev/9_house_brandon/images/cropped/Kim_Guadagno.jpg
https://s3.amazonaws.com/toolkit.afscme.org/dev/30_spandhla_tk/images/original/Local_1_AFSCME_Vote_Yes_Graphic.jpg,https://s3.amazonaws.com/toolkit.afscme.org/dev/30_spandhla_tk/images/cropped/Local_1_AFSCME_Vote_Yes_Graphic.jpg
https://s3.amazonaws.com/toolkit.afscme.org/dev/30_spandhla_tk/images/original/Local_1_AFSCME_Logo-WBD.png,https://s3.amazonaws.com/toolkit.afscme.org/dev/30_spandhla_tk/images/cropped/Local_1_AFSCME_Logo-WBD.png
https://s3.amazonaws.com/toolkit.afscme.org/dev/9_house_brandon/images/original/testimonial1-photo-preset.jpg,https://s3.amazonaws.com/toolkit.afscme.org/dev/9_house_brandon/images/cropped/testimonial1-photo-preset.jpg
https://s3.amazonaws.com/toolkit.afscme.org/dev/54_noonan_john/images/original/IMG_0638.jpg,https://s3.amazonaws.com/toolkit.afscme.org/dev/54_noonan_john/images/cropped/IMG_0638.jpg
https://s3.amazonaws.com/toolkit.afscme.org/dev/54_noonan_john/images/original/AFSCME_Strong-Logo.jpg,https://s3.amazonaws.com/toolkit.afscme.org/dev/54_noonan_john/images/cropped/AFSCME_Strong-Logo.jpg
https://s3.amazonaws.com/toolkit.afscme.org/dev/1_trost_jarred/images/original/robot1.png,https://s3.amazonaws.com/toolkit.afscme.org/dev/1_trost_jarred/images/cropped/robot1.png
https://s3.amazonaws.com/toolkit.afscme.org/dev/1_trost_jarred/images/original/UDW.png,https://s3.amazonaws.com/toolkit.afscme.org/dev/1_trost_jarred/images/cropped/UDW.png
https://s3.amazonaws.com/toolkit.afscme.org/dev/1_trost_jarred/images/original/favicon.green.square--1532614371.png,https://s3.amazonaws.com/toolkit.afscme.org/dev/1_trost_jarred/images/cropped/favicon.green.square--1532614371.png
https://s3.amazonaws.com/toolkit.afscme.org/dev/1_trost_jarred/images/original/favicon.green.square--1532614394.png,https://s3.amazonaws.com/toolkit.afscme.org/dev/1_trost_jarred/images/cropped/favicon.green.square--1532614394.png
https://s3.amazonaws.com/toolkit.afscme.org/dev/1_trost_jarred/images/original/favicon.green.square--1532614886.png,https://s3.amazonaws.com/toolkit.afscme.org/dev/1_trost_jarred/images/cropped/favicon.green.square--1532614886.png
https://s3.amazonaws.com/toolkit.afscme.org/dev/1_trost_jarred/images/original/favicon_yellow--1532615063.png,https://s3.amazonaws.com/toolkit.afscme.org/dev/1_trost_jarred/images/cropped/favicon_yellow--1532615063.png
https://s3.amazonaws.com/toolkit.afscme.org/dev/9_house_brandon/images/original/DSC_7988--1532616993.jpg,https://s3.amazonaws.com/toolkit.afscme.org/dev/9_house_brandon/images/cropped/DSC_7988--1532616993.jpg
https://s3.amazonaws.com/toolkit.afscme.org/dev/9_house_brandon/images/original/DSC_7988--1532618980.jpg,https://s3.amazonaws.com/toolkit.afscme.org/dev/9_house_brandon/images/cropped/DSC_7988--1532618980.jpg
https://s3.amazonaws.com/toolkit.afscme.org/dev/9_house_brandon/images/original/hero-meet-tina--1532619678.jpg,https://s3.amazonaws.com/toolkit.afscme.org/dev/9_house_brandon/images/cropped/hero-meet-tina--1532619678.jpg
https://s3.amazonaws.com/toolkit.afscme.org/dev/1_trost_jarred/images/original/favicon_yellow--1532620110.png,https://s3.amazonaws.com/toolkit.afscme.org/dev/1_trost_jarred/images/cropped/favicon_yellow--1532620110.png
https://s3.amazonaws.com/toolkit.afscme.org/dev/1_trost_jarred/images/original/scotus-building--1532620152.png,https://s3.amazonaws.com/toolkit.afscme.org/dev/1_trost_jarred/images/cropped/scotus-building--1532620152.png
https://s3.amazonaws.com/toolkit.afscme.org/dev/1_trost_jarred/images/original/scotus-building--1532620229.png,https://s3.amazonaws.com/toolkit.afscme.org/dev/1_trost_jarred/images/cropped/scotus-building--1532620229.png
https://s3.amazonaws.com/toolkit.afscme.org/dev/1_trost_jarred/images/original/scotus-building--1532620670.png,https://s3.amazonaws.com/toolkit.afscme.org/dev/1_trost_jarred/images/cropped/scotus-building--1532620670.png
https://s3.amazonaws.com/toolkit.afscme.org/dev/1_trost_jarred/images/original/scotus-building--1532621555.png,https://s3.amazonaws.com/toolkit.afscme.org/dev/1_trost_jarred/images/cropped/scotus-building--1532621555.png
https://s3.amazonaws.com/toolkit.afscme.org/dev/9_house_brandon/images/original/DSC_7988--1532623657.jpg,https://s3.amazonaws.com/toolkit.afscme.org/dev/9_house_brandon/images/cropped/DSC_7988--1532623657.jpg
https://s3.amazonaws.com/toolkit.afscme.org/dev/9_house_brandon/images/original/amazon--1532623758.png,https://s3.amazonaws.com/toolkit.afscme.org/dev/9_house_brandon/images/cropped/amazon--1532623758.png
https://s3.amazonaws.com/toolkit.afscme.org/dev/9_house_brandon/images/original/square-americares--1532623786.jpg,https://s3.amazonaws.com/toolkit.afscme.org/dev/9_house_brandon/images/cropped/square-americares--1532623786.jpg
https://s3.amazonaws.com/toolkit.afscme.org/dev/9_house_brandon/images/original/square-harvard--1532623822.jpg,https://s3.amazonaws.com/toolkit.afscme.org/dev/9_house_brandon/images/cropped/square-harvard--1532623822.jpg
https://s3.amazonaws.com/toolkit.afscme.org/dev/9_house_brandon/images/original/hero-samasource--1532625512.jpg,https://s3.amazonaws.com/toolkit.afscme.org/dev/9_house_brandon/images/cropped/hero-samasource--1532625512.jpg
https://s3.amazonaws.com/toolkit.afscme.org/dev/9_house_brandon/images/original/osm-worldwide--1532625810.png,https://s3.amazonaws.com/toolkit.afscme.org/dev/9_house_brandon/images/cropped/osm-worldwide--1532625810.png
https://s3.amazonaws.com/toolkit.afscme.org/dev/9_house_brandon/images/original/bob-nelsen--1532625851.jpg,https://s3.amazonaws.com/toolkit.afscme.org/dev/9_house_brandon/images/cropped/bob-nelsen--1532625851.jpg
https://s3.amazonaws.com/toolkit.afscme.org/dev/1_trost_jarred/images/original/lake--1542211452.jpeg,https://s3.amazonaws.com/toolkit.afscme.org/dev/1_trost_jarred/images/cropped/lake--1542211452.jpeg
https://s3.amazonaws.com/toolkit.afscme.org/dev/1_trost_jarred/images/original/sails--1542214437.png,https://s3.amazonaws.com/toolkit.afscme.org/dev/1_trost_jarred/images/cropped/sails--1542214437.png
https://s3.amazonaws.com/toolkit.afscme.org/dev/2_gutowski_timothy/images/original/ben.ella_296--1543001997.jpg,https://s3.amazonaws.com/toolkit.afscme.org/dev/2_gutowski_timothy/images/cropped/ben.ella_296--1543001997.jpg
https://s3.amazonaws.com/toolkit.afscme.org/dev/2_gutowski_timothy/images/original/IMG_0802--1543246470.JPG,https://s3.amazonaws.com/toolkit.afscme.org/dev/2_gutowski_timothy/images/cropped/IMG_0802--1543246470.JPG
https://s3.amazonaws.com/toolkit.afscme.org/dev/2_gutowski_timothy/images/original/2012-08-06_13.01.29--1543276110.jpg,https://s3.amazonaws.com/toolkit.afscme.org/dev/2_gutowski_timothy/images/cropped/2012-08-06_13.01.29--1543276110.jpg
https://s3.amazonaws.com/toolkit.afscme.org/dev/9_house_brandon/images/original/Merced-County-Employees1--1552080272.jpeg,https://s3.amazonaws.com/toolkit.afscme.org/dev/9_house_brandon/images/cropped/Merced-County-Employees1--1552080272.jpeg
https://s3.amazonaws.com/toolkit.afscme.org/dev/9_house_brandon/images/original/Merced-County-Employees1--1552322429.jpeg,https://s3.amazonaws.com/toolkit.afscme.org/dev/9_house_brandon/images/cropped/Merced-County-Employees1--1552322429.jpeg
https://s3.amazonaws.com/toolkit.afscme.org/dev/9_house_brandon/images/original/Merced-County-Employees1--1552322572.jpeg,https://s3.amazonaws.com/toolkit.afscme.org/dev/9_house_brandon/images/cropped/Merced-County-Employees1--1552322572.jpeg
https://s3.amazonaws.com/toolkit.afscme.org/dev/29_stremsterfer_jonathan/images/original/Nurses--1552593886.jpg,https://s3.amazonaws.com/toolkit.afscme.org/dev/29_stremsterfer_jonathan/images/cropped/Nurses--1552593886.jpg
https://s3.amazonaws.com/toolkit.afscme.org/dev/1_trost_jarred/images/original/malcolm_store--1553000477.jpeg,https://s3.amazonaws.com/toolkit.afscme.org/dev/1_trost_jarred/images/cropped/malcolm_store--1553000477.jpeg
https://s3.amazonaws.com/toolkit.afscme.org/dev/1_trost_jarred/images/original/1548774928--IMG-20190111-WA0006--1553000531.jpeg,https://s3.amazonaws.com/toolkit.afscme.org/dev/1_trost_jarred/images/cropped/1548774928--IMG-20190111-WA0006--1553000531.jpeg
https://s3.amazonaws.com/toolkit.afscme.org/dev/1_trost_jarred/images/original/IMG-20190127-WA0000--1553000960.jpeg,https://s3.amazonaws.com/toolkit.afscme.org/dev/1_trost_jarred/images/cropped/IMG-20190127-WA0000--1553000960.jpeg
https://s3.amazonaws.com/toolkit.afscme.org/dev/1_trost_jarred/images/original/IMG-20190118-WA0000--1553001096.jpg,https://s3.amazonaws.com/toolkit.afscme.org/dev/1_trost_jarred/images/cropped/IMG-20190118-WA0000--1553001096.jpg
https://s3.amazonaws.com/toolkit.afscme.org/dev/1_trost_jarred/images/original/IMG-20190111-WA0006--1553001249.jpeg,https://s3.amazonaws.com/toolkit.afscme.org/dev/1_trost_jarred/images/cropped/IMG-20190111-WA0006--1553001249.jpeg
https://s3.amazonaws.com/toolkit.afscme.org/dev/1_trost_jarred/images/original/door--1553001604.jpg,https://s3.amazonaws.com/toolkit.afscme.org/dev/1_trost_jarred/images/cropped/door--1553001604.jpg
https://s3.amazonaws.com/toolkit.afscme.org/dev/1_trost_jarred/images/original/1548774928--IMG-20190111-WA0006--1553001867.jpeg,https://s3.amazonaws.com/toolkit.afscme.org/dev/1_trost_jarred/images/cropped/1548774928--IMG-20190111-WA0006--1553001867.jpeg
https://s3.amazonaws.com/toolkit.afscme.org/dev/1_trost_jarred/images/original/IMG-20190127-WA0000--1553002317.jpeg,https://s3.amazonaws.com/toolkit.afscme.org/dev/1_trost_jarred/images/cropped/IMG-20190127-WA0000--1553002317.jpeg
https://s3.amazonaws.com/toolkit.afscme.org/dev/1_trost_jarred/images/original/malcolm_store--1553002347.jpeg,https://s3.amazonaws.com/toolkit.afscme.org/dev/1_trost_jarred/images/cropped/malcolm_store--1553002347.jpeg
https://s3.amazonaws.com/toolkit.afscme.org/dev/1_trost_jarred/images/original/IMG-20190118-WA0000--1553002384.jpg,https://s3.amazonaws.com/toolkit.afscme.org/dev/1_trost_jarred/images/cropped/IMG-20190118-WA0000--1553002384.jpg
https://s3.amazonaws.com/toolkit.afscme.org/dev/1_trost_jarred/images/original/1548774928--IMG-20190111-WA0006--1553002822.jpeg,https://s3.amazonaws.com/toolkit.afscme.org/dev/1_trost_jarred/images/cropped/1548774928--IMG-20190111-WA0006--1553002822.jpeg
https://s3.amazonaws.com/toolkit.afscme.org/dev/1_trost_jarred/images/original/1548774928--IMG-20190111-WA0006--1553002845.jpeg,https://s3.amazonaws.com/toolkit.afscme.org/dev/1_trost_jarred/images/cropped/1548774928--IMG-20190111-WA0006--1553002845.jpeg
https://s3.amazonaws.com/toolkit.afscme.org/dev/1_trost_jarred/images/original/IMG-20190127-WA0000--1553002884.jpeg,https://s3.amazonaws.com/toolkit.afscme.org/dev/1_trost_jarred/images/cropped/IMG-20190127-WA0000--1553002884.jpeg
https://s3.amazonaws.com/toolkit.afscme.org/dev/9_house_brandon/images/original/IMG_6726--1554138353.JPG,https://s3.amazonaws.com/toolkit.afscme.org/dev/9_house_brandon/images/cropped/IMG_6726--1554138353.JPG
https://s3.amazonaws.com/toolkit.afscme.org/dev/9_house_brandon/images/original/IMG_6728--1554147095.JPG,https://s3.amazonaws.com/toolkit.afscme.org/dev/9_house_brandon/images/cropped/IMG_6728--1554147095.JPG
https://s3.amazonaws.com/toolkit.afscme.org/dev/9_house_brandon/images/original/IMG_6726--1554147152.JPG,https://s3.amazonaws.com/toolkit.afscme.org/dev/9_house_brandon/images/cropped/IMG_6726--1554147152.JPG
https://s3.amazonaws.com/toolkit.afscme.org/dev/9_house_brandon/images/original/AJC_READER_SMASHEDPLASTIC_02--1554147354.JPG,https://s3.amazonaws.com/toolkit.afscme.org/dev/9_house_brandon/images/cropped/AJC_READER_SMASHEDPLASTIC_02--1554147354.JPG
https://s3.amazonaws.com/toolkit.afscme.org/dev/9_house_brandon/images/original/IMG_6728--1554151928.JPG,https://s3.amazonaws.com/toolkit.afscme.org/dev/9_house_brandon/images/cropped/IMG_6728--1554151928.JPG
https://s3.amazonaws.com/toolkit.afscme.org/dev/9_house_brandon/images/original/IMG_6728--1554152736.JPG,https://s3.amazonaws.com/toolkit.afscme.org/dev/9_house_brandon/images/cropped/IMG_6728--1554152736.JPG
https://s3.amazonaws.com/toolkit.afscme.org/dev/9_house_brandon/images/original/IMG_6728--1554153031.JPG,https://s3.amazonaws.com/toolkit.afscme.org/dev/9_house_brandon/images/cropped/IMG_6728--1554153031.JPG
https://s3.amazonaws.com/toolkit.afscme.org/dev/9_house_brandon/images/original/IMG_6727--1554153588.JPG,https://s3.amazonaws.com/toolkit.afscme.org/dev/9_house_brandon/images/cropped/IMG_6727--1554153588.JPG
https://s3.amazonaws.com/toolkit.afscme.org/dev/9_house_brandon/images/original/IMG_6728--1554154019.JPG,https://s3.amazonaws.com/toolkit.afscme.org/dev/9_house_brandon/images/cropped/IMG_6728--1554154019.JPG
https://s3.amazonaws.com/toolkit.afscme.org/dev/9_house_brandon/images/original/IMG_6727--1554154542.JPG,https://s3.amazonaws.com/toolkit.afscme.org/dev/9_house_brandon/images/cropped/IMG_6727--1554154542.JPG
https://s3.amazonaws.com/toolkit.afscme.org/dev/9_house_brandon/images/original/IMG_6727--1554154665.JPG,https://s3.amazonaws.com/toolkit.afscme.org/dev/9_house_brandon/images/cropped/IMG_6727--1554154665.JPG
https://s3.amazonaws.com/toolkit.afscme.org/dev/9_house_brandon/images/original/IMG_6727--1554154744.JPG,https://s3.amazonaws.com/toolkit.afscme.org/dev/9_house_brandon/images/cropped/IMG_6727--1554154744.JPG
https://s3.amazonaws.com/toolkit.afscme.org/dev/9_house_brandon/images/original/IMG_6726--1554154752.JPG,https://s3.amazonaws.com/toolkit.afscme.org/dev/9_house_brandon/images/cropped/IMG_6726--1554154752.JPG
https://s3.amazonaws.com/toolkit.afscme.org/dev/9_house_brandon/images/original/twitter-card--1554753385.png,https://s3.amazonaws.com/toolkit.afscme.org/dev/9_house_brandon/images/cropped/twitter-card--1554753385.png
https://s3.amazonaws.com/toolkit.afscme.org/dev/9_house_brandon/images/original/twitter-card--1554753584.png,https://s3.amazonaws.com/toolkit.afscme.org/dev/9_house_brandon/images/cropped/twitter-card--1554753584.png
https://s3.amazonaws.com/toolkit.afscme.org/dev/9_house_brandon/images/original/twitter-card--1554753620.png,https://s3.amazonaws.com/toolkit.afscme.org/dev/9_house_brandon/images/cropped/twitter-card--1554753620.png
https://s3.amazonaws.com/toolkit.afscme.org/dev/1_trost_jarred/images/original/door--1554817964.jpg,https://s3.amazonaws.com/toolkit.afscme.org/dev/1_trost_jarred/images/cropped/door--1554817964.jpg
https://s3.amazonaws.com/toolkit.afscme.org/dev/9_house_brandon/images/original/twitter-card--1554821473.png,https://s3.amazonaws.com/toolkit.afscme.org/dev/9_house_brandon/images/cropped/twitter-card--1554821473.png
https://s3.amazonaws.com/toolkit.afscme.org/dev/1_trost_jarred/images/original/EMT--1554823794.jpg,https://s3.amazonaws.com/toolkit.afscme.org/dev/1_trost_jarred/images/cropped/EMT--1554823794.jpg
https://s3.amazonaws.com/toolkit.afscme.org/dev/1_trost_jarred/images/original/EMT--1554823794.jpg,https://s3.amazonaws.com/toolkit.afscme.org/dev/1_trost_jarred/images/cropped/EMT--1554823794.jpg
https://s3.amazonaws.com/toolkit.afscme.org/dev/1_trost_jarred/images/original/HealthCare--1554824608.jpg,https://s3.amazonaws.com/toolkit.afscme.org/dev/1_trost_jarred/images/cropped/HealthCare--1554824608.jpg
https://s3.amazonaws.com/toolkit.afscme.org/dev/1_trost_jarred/images/original/Clerical_Worker--1554826091.jpg,https://s3.amazonaws.com/toolkit.afscme.org/dev/1_trost_jarred/images/cropped/Clerical_Worker--1554826091.jpg
https://s3.amazonaws.com/toolkit.afscme.org/dev/2_gutowski_timothy/images/original/video-climate-layer--1554827790.png,https://s3.amazonaws.com/toolkit.afscme.org/dev/2_gutowski_timothy/images/cropped/video-climate-layer--1554827790.png
https://s3.amazonaws.com/toolkit.afscme.org/dev/9_house_brandon/images/original/EnvironmentalServices--1554827921.jpg,https://s3.amazonaws.com/toolkit.afscme.org/dev/9_house_brandon/images/cropped/EnvironmentalServices--1554827921.jpg
https://s3.amazonaws.com/toolkit.afscme.org/dev/9_house_brandon/images/original/EnvironmentalServices--1554827926.jpg,https://s3.amazonaws.com/toolkit.afscme.org/dev/9_house_brandon/images/cropped/EnvironmentalServices--1554827926.jpg
https://s3.amazonaws.com/toolkit.afscme.org/dev/2_gutowski_timothy/images/original/Clerical_Worker--1554828047.jpg,https://s3.amazonaws.com/toolkit.afscme.org/dev/2_gutowski_timothy/images/cropped/Clerical_Worker--1554828047.jpg
https://s3.amazonaws.com/toolkit.afscme.org/dev/9_house_brandon/images/original/EMT--1554828104.jpg,https://s3.amazonaws.com/toolkit.afscme.org/dev/9_house_brandon/images/cropped/EMT--1554828104.jpg
https://s3.amazonaws.com/toolkit.afscme.org/dev/9_house_brandon/images/original/EMT--1554828107.jpg,https://s3.amazonaws.com/toolkit.afscme.org/dev/9_house_brandon/images/cropped/EMT--1554828107.jpg
https://s3.amazonaws.com/toolkit.afscme.org/dev/9_house_brandon/images/original/HealthCare--1554828148.jpg,https://s3.amazonaws.com/toolkit.afscme.org/dev/9_house_brandon/images/cropped/HealthCare--1554828148.jpg
https://s3.amazonaws.com/toolkit.afscme.org/dev/1_trost_jarred/images/original/Corrections--1554829451.jpg,https://s3.amazonaws.com/toolkit.afscme.org/dev/1_trost_jarred/images/cropped/Corrections--1554829451.jpg
https://s3.amazonaws.com/toolkit.afscme.org/dev/1_trost_jarred/images/original/Corrections--1554829451.jpg,https://s3.amazonaws.com/toolkit.afscme.org/dev/1_trost_jarred/images/cropped/Corrections--1554829451.jpg
https://s3.amazonaws.com/toolkit.afscme.org/dev/1_trost_jarred/images/original/Corrections--1554829454.jpg,https://s3.amazonaws.com/toolkit.afscme.org/dev/1_trost_jarred/images/cropped/Corrections--1554829454.jpg
https://s3.amazonaws.com/toolkit.afscme.org/dev/1_trost_jarred/images/original/EarlyChildhoodEducator--1554992920.jpg,https://s3.amazonaws.com/toolkit.afscme.org/dev/1_trost_jarred/images/cropped/EarlyChildhoodEducator--1554992920.jpg
https://s3.amazonaws.com/toolkit.afscme.org/dev/1_trost_jarred/images/original/EarlyChildhoodEducator--1554992921.jpg,https://s3.amazonaws.com/toolkit.afscme.org/dev/1_trost_jarred/images/cropped/EarlyChildhoodEducator--1554992921.jpg
https://s3.amazonaws.com/toolkit.afscme.org/dev/30_spandhla_tk/images/original/law-enforcement--1555085387.jpg,https://s3.amazonaws.com/toolkit.afscme.org/dev/30_spandhla_tk/images/cropped/law-enforcement--1555085387.jpg
https://s3.amazonaws.com/toolkit.afscme.org/dev/30_spandhla_tk/images/original/law-enforcement--1555085391.jpg,https://s3.amazonaws.com/toolkit.afscme.org/dev/30_spandhla_tk/images/cropped/law-enforcement--1555085391.jpg
https://s3.amazonaws.com/toolkit.afscme.org/dev/30_spandhla_tk/images/original/law-enforcement--1555085394.jpg,https://s3.amazonaws.com/toolkit.afscme.org/dev/30_spandhla_tk/images/cropped/law-enforcement--1555085394.jpg
https://s3.amazonaws.com/toolkit.afscme.org/dev/30_spandhla_tk/images/original/law-enforcement--1555085398.jpg,https://s3.amazonaws.com/toolkit.afscme.org/dev/30_spandhla_tk/images/cropped/law-enforcement--1555085398.jpg
https://s3.amazonaws.com/toolkit.afscme.org/dev/54_noonan_john/images/original/IMG_1617--1555512655.JPG,https://s3.amazonaws.com/toolkit.afscme.org/dev/54_noonan_john/images/cropped/IMG_1617--1555512655.JPG
https://s3.amazonaws.com/toolkit.afscme.org/dev/9_house_brandon/images/original/EnvironmentalServices--1557844438.jpg,https://s3.amazonaws.com/toolkit.afscme.org/dev/9_house_brandon/images/cropped/EnvironmentalServices--1557844438.jpg
https://s3.amazonaws.com/toolkit.afscme.org/dev/2_gutowski_timothy/images/original/nurses--1557863550.jpg,https://s3.amazonaws.com/toolkit.afscme.org/dev/2_gutowski_timothy/images/cropped/nurses--1557863550.jpg
https://s3.amazonaws.com/toolkit.afscme.org/dev/1_trost_jarred/images/original/Corrections--1557863828.jpg,https://s3.amazonaws.com/toolkit.afscme.org/dev/1_trost_jarred/images/cropped/Corrections--1557863828.jpg
https://s3.amazonaws.com/toolkit.afscme.org/dev/1_trost_jarred/images/original/EarlyChildhoodEducator--1557865919.jpg,https://s3.amazonaws.com/toolkit.afscme.org/dev/1_trost_jarred/images/cropped/EarlyChildhoodEducator--1557865919.jpg
https://s3.amazonaws.com/toolkit.afscme.org/dev/2_gutowski_timothy/images/original/EarlyChildhoodEducator--1557868676.jpg,https://s3.amazonaws.com/toolkit.afscme.org/dev/2_gutowski_timothy/images/cropped/EarlyChildhoodEducator--1557868676.jpg
https://s3.amazonaws.com/toolkit.afscme.org/dev/2_gutowski_timothy/images/original/k-12--1557935408.jpg,https://s3.amazonaws.com/toolkit.afscme.org/dev/2_gutowski_timothy/images/cropped/k-12--1557935408.jpg
https://s3.amazonaws.com/toolkit.afscme.org/dev/9_house_brandon/images/original/_15C8274--1569856331.jpg,https://s3.amazonaws.com/toolkit.afscme.org/dev/9_house_brandon/images/cropped/_15C8274--1569856331.jpg
https://s3.amazonaws.com/toolkit.afscme.org/dev/9_house_brandon/images/original/BE8I4417--1569856494.jpg,https://s3.amazonaws.com/toolkit.afscme.org/dev/9_house_brandon/images/cropped/BE8I4417--1569856494.jpg
https://s3.amazonaws.com/toolkit.afscme.org/dev/9_house_brandon/images/original/_23A4395--1569857023.jpg,https://s3.amazonaws.com/toolkit.afscme.org/dev/9_house_brandon/images/cropped/_23A4395--1569857023.jpg
https://s3.amazonaws.com/toolkit.afscme.org/dev/9_house_brandon/images/original/_23A4483--1569857280.jpg,https://s3.amazonaws.com/toolkit.afscme.org/dev/9_house_brandon/images/cropped/_23A4483--1569857280.jpg
https://s3.amazonaws.com/toolkit.afscme.org/dev/9_house_brandon/images/original/_23A5661--1569859047.jpg,https://s3.amazonaws.com/toolkit.afscme.org/dev/9_house_brandon/images/cropped/_23A5661--1569859047.jpg
https://s3.amazonaws.com/toolkit.afscme.org/dev/9_house_brandon/images/original/_23A0191--1569860985.jpg,https://s3.amazonaws.com/toolkit.afscme.org/dev/9_house_brandon/images/cropped/_23A0191--1569860985.jpg
https://s3.amazonaws.com/toolkit.afscme.org/dev/9_house_brandon/images/original/_23A5838--1569861035.jpg,https://s3.amazonaws.com/toolkit.afscme.org/dev/9_house_brandon/images/cropped/_23A5838--1569861035.jpg
https://s3.amazonaws.com/toolkit.afscme.org/dev/54_noonan_john/images/original/imagejpeg_2_%282%29--1569869003.jpg,https://s3.amazonaws.com/toolkit.afscme.org/dev/54_noonan_john/images/cropped/imagejpeg_2_%282%29--1569869003.jpg
https://s3.amazonaws.com/toolkit.afscme.org/dev/54_noonan_john/images/original/IMG_2879--1570118364.jpg,https://s3.amazonaws.com/toolkit.afscme.org/dev/54_noonan_john/images/cropped/IMG_2879--1570118364.jpg
https://s3.amazonaws.com/toolkit.afscme.org/dev/54_noonan_john/images/original/IMG_2878--1570118404.jpg,https://s3.amazonaws.com/toolkit.afscme.org/dev/54_noonan_john/images/cropped/IMG_2878--1570118404.jpg
https://s3.amazonaws.com/toolkit.afscme.org/dev/9_house_brandon/images/original/GettyImages-73772978--1570809557.jpg,https://s3.amazonaws.com/toolkit.afscme.org/dev/9_house_brandon/images/cropped/GettyImages-73772978--1570809557.jpg
https://s3.amazonaws.com/toolkit.afscme.org/dev/63_kazanas_alexander/images/original/New_United_We_Heal_Logo_UMH-Insignia-2C_UMH-Insignia-2C--1585167134.png,https://s3.amazonaws.com/toolkit.afscme.org/dev/63_kazanas_alexander/images/cropped/New_United_We_Heal_Logo_UMH-Insignia-2C_UMH-Insignia-2C--1585167134.png
https://s3.amazonaws.com/toolkit.afscme.org/dev/64_interns_afscme/images/original/Ke'Shaun-Harbor--1585258760.JPG,https://s3.amazonaws.com/toolkit.afscme.org/dev/64_interns_afscme/images/cropped/Ke'Shaun-Harbor--1585258760.JPG
https://s3.amazonaws.com/toolkit.afscme.org/dev/9_house_brandon/images/original/EnvironmentalServices--1585325214.jpg,https://s3.amazonaws.com/toolkit.afscme.org/dev/9_house_brandon/images/cropped/EnvironmentalServices--1585325214.jpg
https://s3.amazonaws.com/toolkit.afscme.org/dev/9_house_brandon/images/original/Ke'Shaun-Harbor--1585325475.JPG,https://s3.amazonaws.com/toolkit.afscme.org/dev/9_house_brandon/images/cropped/Ke'Shaun-Harbor--1585325475.JPG
https://s3.amazonaws.com/toolkit.afscme.org/dev/9_house_brandon/images/original/Ke'Shaun-Harbor--1585325828.JPG,https://s3.amazonaws.com/toolkit.afscme.org/dev/9_house_brandon/images/cropped/Ke'Shaun-Harbor--1585325828.JPG
https://s3.amazonaws.com/toolkit.afscme.org/dev/9_house_brandon/images/original/IMG_6728--1585325864.JPG,https://s3.amazonaws.com/toolkit.afscme.org/dev/9_house_brandon/images/cropped/IMG_6728--1585325864.JPG
https://s3.amazonaws.com/toolkit.afscme.org/dev/9_house_brandon/images/original/Ke'Shaun-Harbor--1585326014.JPG,https://s3.amazonaws.com/toolkit.afscme.org/dev/9_house_brandon/images/cropped/Ke'Shaun-Harbor--1585326014.JPG
https://s3.amazonaws.com/toolkit.afscme.org/dev/1_trost_jarred/images/original/Ke'Shaun-Harbor--1585331820.JPG,https://s3.amazonaws.com/toolkit.afscme.org/dev/1_trost_jarred/images/cropped/Ke'Shaun-Harbor--1585331820.JPG
https://s3.amazonaws.com/toolkit.afscme.org/dev/1_trost_jarred/images/original/KeShaun-Harbor--1585331860.JPG,https://s3.amazonaws.com/toolkit.afscme.org/dev/1_trost_jarred/images/cropped/KeShaun-Harbor--1585331860.JPG
https://s3.amazonaws.com/toolkit.afscme.org/dev/1_trost_jarred/images/original/--1585578590.1-copy-png,https://s3.amazonaws.com/toolkit.afscme.org/dev/1_trost_jarred/images/cropped/--1585578590.1-copy-png
https://s3.amazonaws.com/toolkit.afscme.org/dev/1_trost_jarred/images/original/--1585578604.4-png,https://s3.amazonaws.com/toolkit.afscme.org/dev/1_trost_jarred/images/cropped/--1585578604.4-png
https://s3.amazonaws.com/toolkit.afscme.org/dev/1_trost_jarred/images/original/--1585578622.2-png,https://s3.amazonaws.com/toolkit.afscme.org/dev/1_trost_jarred/images/cropped/--1585578622.2-png
https://s3.amazonaws.com/toolkit.afscme.org/dev/63_kazanas_alexander/images/original/--1585598339.Awol-Alhassan-JPG,https://s3.amazonaws.com/toolkit.afscme.org/dev/63_kazanas_alexander/images/cropped/--1585598339.Awol-Alhassan-JPG
https://s3.amazonaws.com/toolkit.afscme.org/dev/63_kazanas_alexander/images/original/--1585598372.Aaliyah-Nurideen-JPG,https://s3.amazonaws.com/toolkit.afscme.org/dev/63_kazanas_alexander/images/cropped/--1585598372.Aaliyah-Nurideen-JPG
https://s3.amazonaws.com/toolkit.afscme.org/dev/63_kazanas_alexander/images/original/--1585598400.Janella-Fernandes-JPG,https://s3.amazonaws.com/toolkit.afscme.org/dev/63_kazanas_alexander/images/cropped/--1585598400.Janella-Fernandes-JPG
https://s3.amazonaws.com/toolkit.afscme.org/dev/63_kazanas_alexander/images/original/--1585838532.Oregon-Council-75-white-png,https://s3.amazonaws.com/toolkit.afscme.org/dev/63_kazanas_alexander/images/cropped/--1585838532.Oregon-Council-75-white-png
https://s3.amazonaws.com/toolkit.afscme.org/dev/64_interns_afscme/images/original/--1585849207.AFSCME-Logo-png,https://s3.amazonaws.com/toolkit.afscme.org/dev/64_interns_afscme/images/cropped/--1585849207.AFSCME-Logo-png
https://s3.amazonaws.com/toolkit.afscme.org/dev/63_kazanas_alexander/images/original/--1585852707.Oregon-Council-75-Logo--v2--01-01-png,https://s3.amazonaws.com/toolkit.afscme.org/dev/63_kazanas_alexander/images/cropped/--1585852707.Oregon-Council-75-Logo--v2--01-01-png
https://s3.amazonaws.com/toolkit.afscme.org/dev/2_gutowski_timothy/images/original/--1585853389.Screen-Shot-2020-03-27-at-12-53-11-PM-png,https://s3.amazonaws.com/toolkit.afscme.org/dev/2_gutowski_timothy/images/cropped/--1585853389.Screen-Shot-2020-03-27-at-12-53-11-PM-png
https://s3.amazonaws.com/toolkit.afscme.org/dev/9_house_brandon/images/original/--1585855205.IMG_6728-JPG,https://s3.amazonaws.com/toolkit.afscme.org/dev/9_house_brandon/images/cropped/--1585855205.IMG_6728-JPG
https://s3.amazonaws.com/toolkit.afscme.org/dev/9_house_brandon/images/original/construction--1585855336.jpg,https://s3.amazonaws.com/toolkit.afscme.org/dev/9_house_brandon/images/cropped/construction--1585855336.jpg
https://s3.amazonaws.com/toolkit.afscme.org/dev/9_house_brandon/images/original/Clerical_Worker--1585855405.jpg,https://s3.amazonaws.com/toolkit.afscme.org/dev/9_house_brandon/images/cropped/Clerical_Worker--1585855405.jpg
https://s3.amazonaws.com/toolkit.afscme.org/dev/9_house_brandon/images/original/Clerical_Worker--1585855410.jpg,https://s3.amazonaws.com/toolkit.afscme.org/dev/9_house_brandon/images/cropped/Clerical_Worker--1585855410.jpg
https://s3.amazonaws.com/toolkit.afscme.org/dev/63_kazanas_alexander/images/original/--1585855735.Aaliyah-Nurideen-JPG,https://s3.amazonaws.com/toolkit.afscme.org/dev/63_kazanas_alexander/images/cropped/--1585855735.Aaliyah-Nurideen-JPG
https://s3.amazonaws.com/toolkit.afscme.org/dev/63_kazanas_alexander/images/original/--1585855823.Aaliyah-Nurideen-JPG,https://s3.amazonaws.com/toolkit.afscme.org/dev/63_kazanas_alexander/images/cropped/--1585855823.Aaliyah-Nurideen-JPG
https://s3.amazonaws.com/toolkit.afscme.org/dev/9_house_brandon/images/original/--1585856183.Aaliyah-Nurideen-JPG,https://s3.amazonaws.com/toolkit.afscme.org/dev/9_house_brandon/images/cropped/--1585856183.Aaliyah-Nurideen-JPG
https://s3.amazonaws.com/toolkit.afscme.org/dev/9_house_brandon/images/original/--1585856520.Aaliyah-Nurideen-JPG,https://s3.amazonaws.com/toolkit.afscme.org/dev/9_house_brandon/images/cropped/--1585856520.Aaliyah-Nurideen-JPG
https://s3.amazonaws.com/toolkit.afscme.org/dev/9_house_brandon/images/original/--1585856725.Aaliyah-Nurideen-JPG,https://s3.amazonaws.com/toolkit.afscme.org/dev/9_house_brandon/images/cropped/--1585856725.Aaliyah-Nurideen-JPG
https://s3.amazonaws.com/toolkit.afscme.org/dev/63_kazanas_alexander/images/original/--1585861618.Awol-Alhassan-JPG,https://s3.amazonaws.com/toolkit.afscme.org/dev/63_kazanas_alexander/images/cropped/--1585861618.Awol-Alhassan-JPG
https://s3.amazonaws.com/toolkit.afscme.org/dev/63_kazanas_alexander/images/original/--1585861649.Janella-Fernandes-JPG,https://s3.amazonaws.com/toolkit.afscme.org/dev/63_kazanas_alexander/images/cropped/--1585861649.Janella-Fernandes-JPG
https://s3.amazonaws.com/toolkit.afscme.org/dev/64_interns_afscme/images/original/EarlyChildhoodEducator--1585862769.jpg,https://s3.amazonaws.com/toolkit.afscme.org/dev/64_interns_afscme/images/cropped/EarlyChildhoodEducator--1585862769.jpg
https://s3.amazonaws.com/toolkit.afscme.org/dev/1_trost_jarred/images/original/EarlyChildhoodEducator--1585933189.jpg,https://s3.amazonaws.com/toolkit.afscme.org/dev/1_trost_jarred/images/cropped/EarlyChildhoodEducator--1585933189.jpg
https://s3.amazonaws.com/toolkit.afscme.org/dev/1_trost_jarred/images/original/--1585933328.Aaliyah-Nurideen-JPG,https://s3.amazonaws.com/toolkit.afscme.org/dev/1_trost_jarred/images/cropped/--1585933328.Aaliyah-Nurideen-JPG
https://s3.amazonaws.com/toolkit.afscme.org/dev/1_trost_jarred/images/original/--1585933487.Aaliyah-Nurideen-JPG,https://s3.amazonaws.com/toolkit.afscme.org/dev/1_trost_jarred/images/cropped/--1585933487.Aaliyah-Nurideen-JPG
https://s3.amazonaws.com/toolkit.afscme.org/dev/1_trost_jarred/images/original/--1585933554.Aaliyah-Nurideen-JPG,https://s3.amazonaws.com/toolkit.afscme.org/dev/1_trost_jarred/images/cropped/--1585933554.Aaliyah-Nurideen-JPG
https://s3.amazonaws.com/toolkit.afscme.org/dev/1_trost_jarred/images/original/--1585933616.Aaliyah-Nurideen-JPG,https://s3.amazonaws.com/toolkit.afscme.org/dev/1_trost_jarred/images/cropped/--1585933616.Aaliyah-Nurideen-JPG
https://s3.amazonaws.com/toolkit.afscme.org/dev/1_trost_jarred/images/original/--1585934946.Aaliyah-Nurideen-JPG,https://s3.amazonaws.com/toolkit.afscme.org/dev/1_trost_jarred/images/cropped/--1585934946.Aaliyah-Nurideen-JPG
https://s3.amazonaws.com/toolkit.afscme.org/dev/9_house_brandon/images/original/librarians--1585936257.jpg,https://s3.amazonaws.com/toolkit.afscme.org/dev/9_house_brandon/images/cropped/librarians--1585936257.jpg
https://s3.amazonaws.com/toolkit.afscme.org/dev/9_house_brandon/images/original/--1585938866.Aaliyah-Nurideen-BH-jpg,https://s3.amazonaws.com/toolkit.afscme.org/dev/9_house_brandon/images/cropped/--1585938866.Aaliyah-Nurideen-BH-jpg
https://s3.amazonaws.com/toolkit.afscme.org/dev/9_house_brandon/images/original/nurses--1585939062.jpg,https://s3.amazonaws.com/toolkit.afscme.org/dev/9_house_brandon/images/cropped/nurses--1585939062.jpg
https://s3.amazonaws.com/toolkit.afscme.org/dev/9_house_brandon/images/original/nurses--1585939065.jpg,https://s3.amazonaws.com/toolkit.afscme.org/dev/9_house_brandon/images/cropped/nurses--1585939065.jpg
https://s3.amazonaws.com/toolkit.afscme.org/dev/9_house_brandon/images/original/--1585939233.IMG_6728-jpg,https://s3.amazonaws.com/toolkit.afscme.org/dev/9_house_brandon/images/cropped/--1585939233.IMG_6728-jpg
https://s3.amazonaws.com/toolkit.afscme.org/dev/9_house_brandon/images/original/--1585939467.IMG_6728_portrait-jpg,https://s3.amazonaws.com/toolkit.afscme.org/dev/9_house_brandon/images/cropped/--1585939467.IMG_6728_portrait-jpg
https://s3.amazonaws.com/toolkit.afscme.org/dev/63_kazanas_alexander/images/original/--1586186420.C75-Oregon-Vialante-Vieira-Housing-Manager-VOA-jpg,https://s3.amazonaws.com/toolkit.afscme.org/dev/63_kazanas_alexander/images/cropped/--1586186420.C75-Oregon-Vialante-Vieira-Housing-Manager-VOA-jpg
https://s3.amazonaws.com/toolkit.afscme.org/dev/63_kazanas_alexander/images/original/--1586186453.Dana-Lugassy-C63-jpeg,https://s3.amazonaws.com/toolkit.afscme.org/dev/63_kazanas_alexander/images/cropped/--1586186453.Dana-Lugassy-C63-jpeg
https://s3.amazonaws.com/toolkit.afscme.org/dev/63_kazanas_alexander/images/original/--1586186486.L1199J---Matthew-Rosario-2-JPG,https://s3.amazonaws.com/toolkit.afscme.org/dev/63_kazanas_alexander/images/cropped/--1586186486.L1199J---Matthew-Rosario-2-JPG
https://s3.amazonaws.com/toolkit.afscme.org/dev/63_kazanas_alexander/images/original/--1586187752.MQ-photo-jpg,https://s3.amazonaws.com/toolkit.afscme.org/dev/63_kazanas_alexander/images/cropped/--1586187752.MQ-photo-jpg
https://s3.amazonaws.com/toolkit.afscme.org/dev/63_kazanas_alexander/images/original/--1586187760.MQ-photo-jpg,https://s3.amazonaws.com/toolkit.afscme.org/dev/63_kazanas_alexander/images/cropped/--1586187760.MQ-photo-jpg
https://s3.amazonaws.com/toolkit.afscme.org/dev/63_kazanas_alexander/images/original/--1586187770.Shukimba-Carlis-Clinical-Social-Worker--California-AFSCME-Local-2620-jpg,https://s3.amazonaws.com/toolkit.afscme.org/dev/63_kazanas_alexander/images/cropped/--1586187770.Shukimba-Carlis-Clinical-Social-Worker--California-AFSCME-Local-2620-jpg
https://s3.amazonaws.com/toolkit.afscme.org/dev/63_kazanas_alexander/images/original/--1586188561.UWHpostcard_thumbnail-jpg,https://s3.amazonaws.com/toolkit.afscme.org/dev/63_kazanas_alexander/images/cropped/--1586188561.UWHpostcard_thumbnail-jpg
https://s3.amazonaws.com/toolkit.afscme.org/dev/63_kazanas_alexander/images/original/--1586195039.L1199J---Matthew-Rosario-2-JPG,https://s3.amazonaws.com/toolkit.afscme.org/dev/63_kazanas_alexander/images/cropped/--1586195039.L1199J---Matthew-Rosario-2-JPG
https://s3.amazonaws.com/toolkit.afscme.org/dev/63_kazanas_alexander/images/original/--1586207067.Awol-Alhassan-JPG,https://s3.amazonaws.com/toolkit.afscme.org/dev/63_kazanas_alexander/images/cropped/--1586207067.Awol-Alhassan-JPG
https://s3.amazonaws.com/toolkit.afscme.org/dev/63_kazanas_alexander/images/original/--1586207110.Awol-Alhassan-JPG,https://s3.amazonaws.com/toolkit.afscme.org/dev/63_kazanas_alexander/images/cropped/--1586207110.Awol-Alhassan-JPG
https://s3.amazonaws.com/toolkit.afscme.org/dev/63_kazanas_alexander/images/original/--1586207212.Awol-Alhassan-JPG,https://s3.amazonaws.com/toolkit.afscme.org/dev/63_kazanas_alexander/images/cropped/--1586207212.Awol-Alhassan-JPG
https://s3.amazonaws.com/toolkit.afscme.org/dev/1_trost_jarred/images/original/--1589990925.1-png,https://s3.amazonaws.com/toolkit.afscme.org/dev/1_trost_jarred/images/cropped/--1589990925.1-png
https://s3.amazonaws.com/toolkit.afscme.org/dev/1_trost_jarred/images/original/--1589990950.1-png,https://s3.amazonaws.com/toolkit.afscme.org/dev/1_trost_jarred/images/cropped/--1589990950.1-png
https://s3.amazonaws.com/toolkit.afscme.org/dev/1_trost_jarred/images/original/--1589990974.1-png,https://s3.amazonaws.com/toolkit.afscme.org/dev/1_trost_jarred/images/cropped/--1589990974.1-png
https://s3.amazonaws.com/toolkit.afscme.org/dev/1_trost_jarred/images/original/--1590504407.Malcolm-Stroller-jpg,https://s3.amazonaws.com/toolkit.afscme.org/dev/1_trost_jarred/images/cropped/--1590504407.Malcolm-Stroller-jpg
https://s3.amazonaws.com/toolkit.afscme.org/dev/1_trost_jarred/images/original/--1590504435.Malcolm-Stroller-jpg,https://s3.amazonaws.com/toolkit.afscme.org/dev/1_trost_jarred/images/cropped/--1590504435.Malcolm-Stroller-jpg
