1,https://s3.amazonaws.com/toolkit.afscme.org/stock_images/production/1/corrections.jpg
2,https://s3.amazonaws.com/toolkit.afscme.org/stock_images/production/2/early-childhood-educator.jpg
3,https://s3.amazonaws.com/toolkit.afscme.org/stock_images/production/3/emt.jpg
4,https://s3.amazonaws.com/toolkit.afscme.org/stock_images/production/4/forest-ranger.jpg
5,https://s3.amazonaws.com/toolkit.afscme.org/stock_images/production/5/nurse.jpg
6,https://s3.amazonaws.com/toolkit.afscme.org/stock_images/production/6/clerical-worker.jpg
7,https://s3.amazonaws.com/toolkit.afscme.org/stock_images/production/7/higher-ed.jpg
8,https://s3.amazonaws.com/toolkit.afscme.org/stock_images/production/8/home-care-worker.jpg
9,https://s3.amazonaws.com/toolkit.afscme.org/stock_images/production/9/behavioral-health.jpg
10,https://s3.amazonaws.com/toolkit.afscme.org/stock_images/production/10/k-12.jpg
11,https://s3.amazonaws.com/toolkit.afscme.org/stock_images/production/11/law-enforcement.jpg
12,https://s3.amazonaws.com/toolkit.afscme.org/stock_images/production/12/librarians.jpg
13,https://s3.amazonaws.com/toolkit.afscme.org/stock_images/production/13/nurses.jpg
14,https://s3.amazonaws.com/toolkit.afscme.org/stock_images/production/14/construction.jpg
15,https://s3.amazonaws.com/toolkit.afscme.org/stock_images/production/15/bus-driver.jpg
