15,https://s3.amazonaws.com/toolkit.afscme.org/pub/templates/15/original/thumbnail.jpeg,https://s3.amazonaws.com/toolkit.afscme.org/pub/templates/15/original/numbered_image.jpeg,/blank_images/original/missing.png,/static_pdfs/original/missing.png
24,https://s3.amazonaws.com/toolkit.afscme.org/pub/templates/24/original/thumbnail.png,https://s3.amazonaws.com/toolkit.afscme.org/pub/templates/24/original/numbered_image.png,https://s3.amazonaws.com/toolkit.afscme.org/pub/templates/24/original/blank_image.png,/static_pdfs/original/missing.png
25,https://s3.amazonaws.com/toolkit.afscme.org/pub/templates/25/original/thumbnail.png,https://s3.amazonaws.com/toolkit.afscme.org/pub/templates/25/original/numbered_image.png,https://s3.amazonaws.com/toolkit.afscme.org/pub/templates/25/original/blank_image.png,/static_pdfs/original/missing.png
26,https://s3.amazonaws.com/toolkit.afscme.org/pub/templates/26/original/thumbnail.png,https://s3.amazonaws.com/toolkit.afscme.org/pub/templates/26/original/numbered_image.png,/blank_images/original/missing.png,/static_pdfs/original/missing.png
4,https://s3.amazonaws.com/toolkit.afscme.org/pub/templates/4/original/thumbnail.png,https://s3.amazonaws.com/toolkit.afscme.org/pub/templates/4/original/numbered_image.jpeg,https://s3.amazonaws.com/toolkit.afscme.org/pub/templates/4/original/blank_image.jpeg,/static_pdfs/original/missing.png
1,https://s3.amazonaws.com/toolkit.afscme.org/pub/templates/1/original/thumbnail.png,https://s3.amazonaws.com/toolkit.afscme.org/pub/templates/1/original/numbered_image.png,https://s3.amazonaws.com/toolkit.afscme.org/pub/templates/1/original/blank_image.png,/static_pdfs/original/missing.png
5,https://s3.amazonaws.com/toolkit.afscme.org/pub/templates/5/original/thumbnail.jpeg,https://s3.amazonaws.com/toolkit.afscme.org/pub/templates/5/original/numbered_image.jpeg,/blank_images/original/missing.png,/static_pdfs/original/missing.png
6,https://s3.amazonaws.com/toolkit.afscme.org/pub/templates/6/original/thumbnail.png,https://s3.amazonaws.com/toolkit.afscme.org/pub/templates/6/original/numbered_image.png,https://s3.amazonaws.com/toolkit.afscme.org/pub/templates/6/original/blank_image.png,/static_pdfs/original/missing.png
7,https://s3.amazonaws.com/toolkit.afscme.org/pub/templates/7/original/thumbnail.png,https://s3.amazonaws.com/toolkit.afscme.org/pub/templates/7/original/numbered_image.png,https://s3.amazonaws.com/toolkit.afscme.org/pub/templates/7/original/blank_image.png,/static_pdfs/original/missing.png
8,https://s3.amazonaws.com/toolkit.afscme.org/pub/templates/8/original/thumbnail.png,https://s3.amazonaws.com/toolkit.afscme.org/pub/templates/8/original/numbered_image.jpeg,/blank_images/original/missing.png,/static_pdfs/original/missing.png
9,https://s3.amazonaws.com/toolkit.afscme.org/pub/templates/9/original/thumbnail.jpeg,https://s3.amazonaws.com/toolkit.afscme.org/pub/templates/9/original/numbered_image.jpeg,/blank_images/original/missing.png,/static_pdfs/original/missing.png
10,https://s3.amazonaws.com/toolkit.afscme.org/pub/templates/10/original/thumbnail.png,https://s3.amazonaws.com/toolkit.afscme.org/pub/templates/10/original/numbered_image.png,https://s3.amazonaws.com/toolkit.afscme.org/pub/templates/10/original/blank_image.png,/static_pdfs/original/missing.png
11,https://s3.amazonaws.com/toolkit.afscme.org/pub/templates/11/original/thumbnail.png,https://s3.amazonaws.com/toolkit.afscme.org/pub/templates/11/original/numbered_image.png,https://s3.amazonaws.com/toolkit.afscme.org/pub/templates/11/original/blank_image.png,/static_pdfs/original/missing.png
12,https://s3.amazonaws.com/toolkit.afscme.org/pub/templates/12/original/thumbnail.png,https://s3.amazonaws.com/toolkit.afscme.org/pub/templates/12/original/numbered_image.png,/blank_images/original/missing.png,https://s3.amazonaws.com/toolkit.afscme.org/pub/templates/12/original/static_pdf.pdf
13,https://s3.amazonaws.com/toolkit.afscme.org/pub/templates/13/original/thumbnail.jpeg,https://s3.amazonaws.com/toolkit.afscme.org/pub/templates/13/original/numbered_image.jpeg,/blank_images/original/missing.png,/static_pdfs/original/missing.png
14,https://s3.amazonaws.com/toolkit.afscme.org/pub/templates/14/original/thumbnail.jpeg,https://s3.amazonaws.com/toolkit.afscme.org/pub/templates/14/original/numbered_image.jpeg,https://s3.amazonaws.com/toolkit.afscme.org/pub/templates/14/original/blank_image.png,/static_pdfs/original/missing.png
16,https://s3.amazonaws.com/toolkit.afscme.org/pub/templates/16/original/thumbnail.jpeg,https://s3.amazonaws.com/toolkit.afscme.org/pub/templates/16/original/numbered_image.jpeg,/blank_images/original/missing.png,/static_pdfs/original/missing.png
18,https://s3.amazonaws.com/toolkit.afscme.org/pub/templates/18/original/thumbnail.png,https://s3.amazonaws.com/toolkit.afscme.org/pub/templates/18/original/numbered_image.png,/blank_images/original/missing.png,/static_pdfs/original/missing.png
19,https://s3.amazonaws.com/toolkit.afscme.org/pub/templates/19/original/thumbnail.png,https://s3.amazonaws.com/toolkit.afscme.org/pub/templates/19/original/numbered_image.png,/blank_images/original/missing.png,/static_pdfs/original/missing.png
20,https://s3.amazonaws.com/toolkit.afscme.org/pub/templates/20/original/thumbnail.png,https://s3.amazonaws.com/toolkit.afscme.org/pub/templates/20/original/numbered_image.png,https://s3.amazonaws.com/toolkit.afscme.org/pub/templates/20/original/blank_image.png,/static_pdfs/original/missing.png
21,https://s3.amazonaws.com/toolkit.afscme.org/pub/templates/21/original/thumbnail.png,https://s3.amazonaws.com/toolkit.afscme.org/pub/templates/21/original/numbered_image.png,https://s3.amazonaws.com/toolkit.afscme.org/pub/templates/21/original/blank_image.png,/static_pdfs/original/missing.png
22,https://s3.amazonaws.com/toolkit.afscme.org/pub/templates/22/original/thumbnail.png,https://s3.amazonaws.com/toolkit.afscme.org/pub/templates/22/original/numbered_image.png,/blank_images/original/missing.png,/static_pdfs/original/missing.png
23,https://s3.amazonaws.com/toolkit.afscme.org/pub/templates/23/original/thumbnail.png,https://s3.amazonaws.com/toolkit.afscme.org/pub/templates/23/original/numbered_image.png,/blank_images/original/missing.png,/static_pdfs/original/missing.png
27,https://s3.amazonaws.com/toolkit.afscme.org/pub/templates/27/original/thumbnail.jpeg,https://s3.amazonaws.com/toolkit.afscme.org/pub/templates/27/original/numbered_image.jpeg,/blank_images/original/missing.png,/static_pdfs/original/missing.png
28,https://s3.amazonaws.com/toolkit.afscme.org/pub/templates/28/original/thumbnail.jpeg,https://s3.amazonaws.com/toolkit.afscme.org/pub/templates/28/original/numbered_image.jpeg,/blank_images/original/missing.png,/static_pdfs/original/missing.png
29,https://s3.amazonaws.com/toolkit.afscme.org/pub/templates/29/original/thumbnail.jpeg,https://s3.amazonaws.com/toolkit.afscme.org/pub/templates/29/original/numbered_image.jpeg,/blank_images/original/missing.png,/static_pdfs/original/missing.png
30,https://s3.amazonaws.com/toolkit.afscme.org/pub/templates/30/original/thumbnail.png,https://s3.amazonaws.com/toolkit.afscme.org/pub/templates/30/original/numbered_image.png,/blank_images/original/missing.png,/static_pdfs/original/missing.png
31,https://s3.amazonaws.com/toolkit.afscme.org/pub/templates/31/original/thumbnail.jpeg,https://s3.amazonaws.com/toolkit.afscme.org/pub/templates/31/original/numbered_image.jpeg,/blank_images/original/missing.png,/static_pdfs/original/missing.png
32,https://s3.amazonaws.com/toolkit.afscme.org/pub/templates/32/original/thumbnail.jpeg,https://s3.amazonaws.com/toolkit.afscme.org/pub/templates/32/original/numbered_image.jpeg,/blank_images/original/missing.png,/static_pdfs/original/missing.png
33,https://s3.amazonaws.com/toolkit.afscme.org/pub/templates/33/original/thumbnail.png,https://s3.amazonaws.com/toolkit.afscme.org/pub/templates/33/original/numbered_image.png,https://s3.amazonaws.com/toolkit.afscme.org/pub/templates/33/original/blank_image.png,/static_pdfs/original/missing.png
34,https://s3.amazonaws.com/toolkit.afscme.org/pub/templates/34/original/thumbnail.png,https://s3.amazonaws.com/toolkit.afscme.org/pub/templates/34/original/numbered_image.png,/blank_images/original/missing.png,/static_pdfs/original/missing.png
35,https://s3.amazonaws.com/toolkit.afscme.org/pub/templates/35/original/thumbnail.png,https://s3.amazonaws.com/toolkit.afscme.org/pub/templates/35/original/numbered_image.png,/blank_images/original/missing.png,/static_pdfs/original/missing.png
36,https://s3.amazonaws.com/toolkit.afscme.org/pub/templates/36/original/thumbnail.jpeg,https://s3.amazonaws.com/toolkit.afscme.org/pub/templates/36/original/numbered_image.jpeg,/blank_images/original/missing.png,/static_pdfs/original/missing.png
37,https://s3.amazonaws.com/toolkit.afscme.org/pub/templates/37/original/thumbnail.jpeg,https://s3.amazonaws.com/toolkit.afscme.org/pub/templates/37/original/numbered_image.jpeg,/blank_images/original/missing.png,/static_pdfs/original/missing.png
38,https://s3.amazonaws.com/toolkit.afscme.org/pub/templates/38/original/thumbnail.jpeg,https://s3.amazonaws.com/toolkit.afscme.org/pub/templates/38/original/numbered_image.jpeg,/blank_images/original/missing.png,/static_pdfs/original/missing.png
39,https://s3.amazonaws.com/toolkit.afscme.org/pub/templates/39/original/thumbnail.jpeg,https://s3.amazonaws.com/toolkit.afscme.org/pub/templates/39/original/numbered_image.jpeg,/blank_images/original/missing.png,/static_pdfs/original/missing.png
40,https://s3.amazonaws.com/toolkit.afscme.org/pub/templates/40/original/thumbnail.jpeg,https://s3.amazonaws.com/toolkit.afscme.org/pub/templates/40/original/numbered_image.jpeg,/blank_images/original/missing.png,/static_pdfs/original/missing.png
41,https://s3.amazonaws.com/toolkit.afscme.org/pub/templates/41/original/thumbnail.png,https://s3.amazonaws.com/toolkit.afscme.org/pub/templates/41/original/numbered_image.png,/blank_images/original/missing.png,/static_pdfs/original/missing.png
42,https://s3.amazonaws.com/toolkit.afscme.org/pub/templates/42/original/thumbnail.jpeg,https://s3.amazonaws.com/toolkit.afscme.org/pub/templates/42/original/numbered_image.jpeg,/blank_images/original/missing.png,/static_pdfs/original/missing.png
43,https://s3.amazonaws.com/toolkit.afscme.org/pub/templates/43/original/thumbnail.png,https://s3.amazonaws.com/toolkit.afscme.org/pub/templates/43/original/numbered_image.jpeg,/blank_images/original/missing.png,/static_pdfs/original/missing.png
44,https://s3.amazonaws.com/toolkit.afscme.org/pub/templates/44/original/thumbnail.png,https://s3.amazonaws.com/toolkit.afscme.org/pub/templates/44/original/numbered_image.jpeg,/blank_images/original/missing.png,/static_pdfs/original/missing.png
45,https://s3.amazonaws.com/toolkit.afscme.org/pub/templates/45/original/thumbnail.png,https://s3.amazonaws.com/toolkit.afscme.org/pub/templates/45/original/numbered_image.png,/blank_images/original/missing.png,https://s3.amazonaws.com/toolkit.afscme.org/pub/templates/45/original/static_pdf.pdf
